a,c,g
"(0.0, 0.0, 0.0, 0.0, 0.0, 0.0, 0.0, 0.0, 0.0, 0.0, 0.0, 0.0, 0.0, 0.0, 0.0, 0.0, 0.0, 0.0, 0.0, 0.0, 0.0, 0.0, 0.0, 0.0, 0.0, 0.0, 0.0, 0.0, 0.0, 0.0)","(0.0, 0.0, 0.0, 0.0, 0.0, 0.0, 0.0, 0.0, 0.0, 0.0, 0.0, 0.0, 0.0, 0.0, 0.0, 0.0, 0.0, 0.0, 0.0, 0.0, 0.0, 0.0, 0.0, 0.0, 0.0, 0.0, 0.0, 0.0, 0.0, 0.0)","(0.9769203218637063, 0.9769203218637063, 0.9769203218637063, 0.9769203218637063, 0.9769203218637063, 0.9769203218637063, 0.9769203218637063, 0.9769203218637063, 0.9769203218637063, 0.9769203218637063, 0.9769203218637063, 0.9769203218637063, 0.9769203218637063, 0.9769203218637063, 0.9769203218637063, 0.9769203218637063, 0.9769203218637063, 0.9769203218637063, 0.9769203218637063, 0.9769203218637063, 0.9769203218637063, 0.9769203218637063, 0.9769203218637063, 0.9769203218637063, 0.9769203218637063, 0.9769203218637063, 0.9769203218637063, 0.9769203218637063, 0.9769203218637063, 0.9769203218637063)"
"(0.05530034546265661, 0.07208495320644559, 0.0806397788252129, 0.0848862128374579, 0.0870576048251861, 0.0881408211479009, 0.08867682914350272, 0.08893346132078683, 0.08905494704496686, 0.08909966454422946, 0.08911024010218949, 0.08911234123828571, 0.08911234123828571, 0.08911234123828571, 0.08911234123828571, 0.08911234123828571, 0.08911234123828571, 0.08911234123828571, 0.08911234123828571, 0.08911234123828571, 0.08911234123828571, 0.08911234123828571, 0.08911234123828571, 0.08911234123828571, 0.08911234123828571, 0.08911234123828571, 0.08911234123828571, 0.08911234123828571, 0.08911234123828571, 0.08911234123828571)","(0.0034119394972601524, 0.005956572117016945, 0.007843191385660586, 0.009860769661506952, 0.011641207041109936, 0.013544125833710674, 0.01724416682337837, 0.019104264072996036, 0.023532079948722306, 0.025423837603623434, 0.027235712630067854, 0.02895694292292006, 0.030602957418527588, 0.03216282970709994, 0.03364533829758076, 0.03505929906764904, 0.03639353650070265, 0.03765675896791376, 0.03885771449946518, 0.03998498348451596, 0.04104720993540856, 0.04205307933032054, 0.042990933000318976, 0.04387616839713726, 0.044696975130737004, 0.04546189868050188, 0.04375502842688339, 0.04452790827648545, 0.04525341327218435, 0.0460028170104364)","(0.9795447590952259, 0.9828207138359004, 0.982726292553038, 0.9855644446931865, 0.9880486907366427, 0.9902950519868289, 0.9922852955535899, 0.9941407260577643, 0.9957178055861994, 0.9971309067995662, 1.001848723458118, 1.003136077918631, 1.004233488063614, 1.0052234939268154, 1.0060888444784564, 1.0069275071769588, 1.007603682770502, 1.0082166954747886, 1.0087219739007776, 1.0133595495219807, 1.0138640304469495, 1.0143446753779684, 1.0146994441215278, 1.0151169240103806, 1.0154124711597579, 1.0156688690644258, 1.0158409910297104, 1.016083970878385, 1.0161999064552538, 1.0163052680730027)"
"(0.11675237400811955, 0.14843612813439488, 0.16358352313605629, 0.17085457319286412, 0.1743588934943201, 0.17600101845780713, 0.1767780059148274, 0.17712661503566718, 0.17725738774207578, 0.17729419556589754, 0.17730236501861718, 0.17730236501861718, 0.17730236501861718, 0.17730236501861718, 0.17730236501861718, 0.17730236501861718, 0.17730236501861718, 0.17730236501861718, 0.17730236501861718, 0.17730236501861718, 0.17730236501861718, 0.17730236501861718, 0.17730236501861718, 0.17730236501861718, 0.17730236501861718, 0.17730236501861718, 0.17730236501861718, 0.17730236501861718, 0.17730236501861718, 0.17730236501861718)","(0.008345015704931624, 0.013016465615015904, 0.02231123562204107, 0.03129481630612185, 0.041462437846514155, 0.047066526513081186, 0.057535938755612914, 0.06256053993174171, 0.06712429196040537, 0.06642617797411265, 0.0702890200051105, 0.07405113361009685, 0.07730027927750127, 0.08042977035037202, 0.0831121688017451, 0.08567380906300914, 0.0839552972391856, 0.08623656373260424, 0.08846604384228407, 0.09049692504815543, 0.09234420640240126, 0.09390558957842499, 0.09539415956171637, 0.0935790686180552, 0.09516671267801124, 0.09662409736225974, 0.09796283617438617, 0.09917179623811923, 0.10026241439347527, 0.10123853434788355)","(0.9838708976166944, 0.991288824259383, 0.9951137799260064, 1.00110734081017, 1.0061922914422856, 1.0106276719489058, 1.0177643931563445, 1.0214737938337253, 1.0245612174523213, 1.0272742030340325, 1.0296040761163043, 1.0317307350259544, 1.0377889165196694, 1.0395969733926045, 1.0411232076848829, 1.0425985505308903, 1.0483556672750116, 1.049655478861219, 1.0507033285785279, 1.0517922074244115, 1.0525722225428609, 1.0532995084583663, 1.0537626974164598, 1.0543613785635078, 1.0604902828512484, 1.0610093761101054, 1.0613460053553951, 1.0618488375514354, 1.0620563077167084, 1.0622528307740406)"
"(0.17992326716382845, 0.22392997785211666, 0.2457228160605034, 0.2557957260769417, 0.2603382840973856, 0.2623377948992749, 0.2632023778044905, 0.26354177937273704, 0.263667231396016, 0.2636894862178929, 0.2636927678408538, 0.2636927678408538, 0.2636927678408538, 0.2636927678408538, 0.2636927678408538, 0.2636927678408538, 0.2636927678408538, 0.2636927678408538, 0.2636927678408538, 0.2636927678408538, 0.2636927678408538, 0.2636927678408538, 0.2636927678408538, 0.2636927678408538, 0.2636927678408538, 0.2636927678408538, 0.2636927678408538, 0.2636927678408538, 0.2636927678408538, 0.2636927678408538)","(0.01592673643639153, 0.03155013390636807, 0.052587422724499566, 0.07026841378821924, 0.08132206682530185, 0.0911563930543835, 0.09984766406126533, 0.10744409908812225, 0.1083260471895664, 0.11464898064143414, 0.12024305401722923, 0.12538655824285883, 0.12958693378545583, 0.1289097504269785, 0.13283413978834036, 0.13648830885487895, 0.13948253277070188, 0.13803558548305095, 0.1412483611160965, 0.1441102315024817, 0.14664273775075742, 0.14870704303923044, 0.1506207680097661, 0.14923319448786077, 0.15142492465991808, 0.15339495246577595, 0.15513380106157493, 0.1566656973300634, 0.1579806949712491, 0.15910323232188672)","(0.9928848786868382, 1.0025282494691847, 1.013244184802712, 1.02258509266944, 1.0303437073553945, 1.0369673634865315, 1.042492211821406, 1.0514657008991084, 1.0558689275700839, 1.0596396920981372, 1.067306072112968, 1.0707150756376786, 1.0734424307429513, 1.075775152996858, 1.0830216040912355, 1.0853911901333855, 1.087141177058274, 1.0886908262356652, 1.0898342553340066, 1.0974130701483547, 1.0986117161114684, 1.0997366387015692, 1.1004178012854582, 1.101346313769851, 1.1018272790272405, 1.1095523563634286, 1.1100274534169385, 1.1108056741301022, 1.1110664198964133, 1.11132259186055)"
"(0.245910606490769, 0.30503531261145245, 0.3310961891411637, 0.34223794303503663, 0.3469327166653233, 0.34884412548944344, 0.34959523407614945, 0.34985575120218027, 0.34993221697376065, 0.3499441982448115, 0.3499441982448115, 0.3499441982448115, 0.3499441982448115, 0.3499441982448115, 0.3499441982448115, 0.3499441982448115, 0.3499441982448115, 0.3499441982448115, 0.3499441982448115, 0.3499441982448115, 0.3499441982448115, 0.3499441982448115, 0.3499441982448115, 0.3499441982448115, 0.3499441982448115, 0.3499441982448115, 0.3499441982448115, 0.3499441982448115, 0.3499441982448115, 0.3499441982448115)","(0.030038476178569584, 0.05861469683887921, 0.09147163823470839, 0.10970044535358314, 0.12463179647450795, 0.13111951550954704, 0.14302119593176643, 0.15317963456370687, 0.16169175277455916, 0.16358671926137625, 0.17086455340919882, 0.17733258866713797, 0.1823982803645463, 0.18302675302570526, 0.18789874736109802, 0.1922666269846125, 0.19147608205733857, 0.19565358856229798, 0.19954997954930798, 0.20288925580419226, 0.20569254728783137, 0.20438882211538145, 0.207628915323678, 0.21047994138767823, 0.212954117432688, 0.2150637174999278, 0.21683088001206186, 0.2182484230499967, 0.2176549561742157, 0.21991081034625626)","(1.001151097436543, 1.016397005754878, 1.0312093238025783, 1.0434384831735382, 1.0569807074049897, 1.065568809105651, 1.0725058168501016, 1.0837020235355304, 1.0890628215112852, 1.0934891898785128, 1.1032482301670532, 1.1072207846508824, 1.1163518236254155, 1.1196264085657546, 1.1221917546950595, 1.1247392785006505, 1.1336510390733696, 1.1357834748038973, 1.1373111798340438, 1.1390294870060673, 1.1478953876945968, 1.14943386115601, 1.150292445980952, 1.151568395225168, 1.1521470888275773, 1.1525531569418659, 1.1621556150022347, 1.1632239176283512, 1.163465814539154, 1.1637414719776231)"
"(0.31689363025982953, 0.38501844505173466, 0.4145192661425696, 0.4263578257967273, 0.4309550943860243, 0.43268850910876555, 0.43328872117989903, 0.4334899981686622, 0.4335452448778412, 0.4335546475950194, 0.43355472706199283, 0.43355472706199283, 0.43355472706199283, 0.43355472706199283, 0.43355472706199283, 0.43355472706199283, 0.43355472706199283, 0.43355472706199283, 0.43355472706199283, 0.43355472706199283, 0.43355472706199283, 0.43355472706199283, 0.43355472706199283, 0.43355472706199283, 0.43355472706199283, 0.43355472706199283, 0.43355472706199283, 0.43355472706199283, 0.43355472706199283, 0.43355472706199283)","(0.05856663404253126, 0.10514043536699758, 0.13279299857912563, 0.1560674314269861, 0.167388537185842, 0.18372812832666507, 0.19151036151296408, 0.2038940661369535, 0.21378933229804664, 0.21795871309623305, 0.22644074208442522, 0.23357833501265746, 0.23546533620201715, 0.24227026690223163, 0.2475208401022102, 0.2481515094087844, 0.25386531869854856, 0.25839907166977716, 0.2623970193581854, 0.26555861834632133, 0.2662124331234649, 0.2701167866293507, 0.2734271771842548, 0.2761528962477001, 0.27831392212412476, 0.2780344682914405, 0.2810766636803589, 0.28371610847235285, 0.28594309844414034, 0.2879306641482132)","(1.0117058974163788, 1.0353785257176267, 1.054333581183993, 1.073166942915242, 1.0858069993266166, 1.095919898097847, 1.1096016450820558, 1.1174492785478225, 1.129588620609799, 1.1354371063049038, 1.1466460439511275, 1.1518993351365596, 1.155820506643262, 1.1589603473580745, 1.1698454238488858, 1.1732015422654782, 1.1753043898172257, 1.1861344557481504, 1.1880307505822563, 1.1902679088184664, 1.1913993361157909, 1.2026870043797107, 1.2036732685157836, 1.2052871248397785, 1.2059048473975675, 1.206298096041689, 1.2060805778816786, 1.2190678881900137, 1.2192278826808247, 1.219441242360168)"
"(0.3882064769104403, 0.46687566123878366, 0.49746285760207964, 0.5089801318829803, 0.5129478128798546, 0.5142865696246943, 0.514699382982311, 0.5148225525248202, 0.5148569431685903, 0.5148580146744433, 0.5148580146744433, 0.5148580146744433, 0.5148580146744433, 0.5148580146744433, 0.5148580146744433, 0.5148580146744433, 0.5148580146744433, 0.5148580146744433, 0.5148580146744433, 0.5148580146744433, 0.5148580146744433, 0.5148580146744433, 0.5148580146744433, 0.5148580146744433, 0.5148580146744433, 0.5148580146744433, 0.5148580146744433, 0.5148580146744433, 0.5148580146744433, 0.5148580146744433)","(0.08555930404050438, 0.13711636642403002, 0.1718504642403169, 0.200002883110731, 0.21504080275844106, 0.22751408099369175, 0.2451076048610039, 0.2588916990465351, 0.26579179855616486, 0.27707884949915473, 0.28580588144627095, 0.29051470805992374, 0.29858488371124214, 0.3052487590172821, 0.3079872405478964, 0.31492809129001287, 0.32050276011036927, 0.3245359372239963, 0.3266050293258619, 0.3318405169994353, 0.3361356662831113, 0.33950809674322857, 0.34201380344689125, 0.3435361863460643, 0.34734152416616626, 0.3507422653393003, 0.3532500726942108, 0.35514487456276667, 0.35569447651110164, 0.35887284146461496)","(1.0242812050782453, 1.0566216072196573, 1.0795369792450193, 1.1018866982151785, 1.1162611044625066, 1.133593257851476, 1.1435144522768668, 1.1591793789553584, 1.1664450799321997, 1.1804278886536705, 1.1861596147904407, 1.1997081166840105, 1.204631747436579, 1.208465604271013, 1.2207411700989148, 1.2250003461866, 1.2275012662878633, 1.2401181771062488, 1.2423026560175232, 1.245098098502484, 1.2463370374230833, 1.2474062703979605, 1.2605397748407048, 1.2624886965602298, 1.263056395408765, 1.263319713331708, 1.2627766225811639, 1.2632052711327344, 1.2785453322132212, 1.2786420468692488)"
"(0.463745207000537, 0.547350245479767, 0.5784749769378452, 0.5895124273733341, 0.5929269162538242, 0.5939488318051582, 0.5942563762850295, 0.5943355099290439, 0.5943516883493638, 0.5943529961470366, 0.5943530543854214, 0.5943530543854214, 0.5943530543854214, 0.5943530543854214, 0.5943530543854214, 0.5943530543854214, 0.5943530543854214, 0.5943530543854214, 0.5943530543854214, 0.5943530543854214, 0.5943530543854214, 0.5943530543854214, 0.5943530543854214, 0.5943530543854214, 0.5943530543854214, 0.5943530543854214, 0.5943530543854214, 0.5943530543854214, 0.5943530543854214, 0.5943530543854214)","(0.11804523380001819, 0.1736642437893623, 0.2155571639691134, 0.2406326891470315, 0.26715407813922465, 0.28375117646078274, 0.30286312103700386, 0.3134698951318715, 0.328256033574051, 0.33919796446731043, 0.34667627717866245, 0.35706645637695344, 0.3611165413579426, 0.3705252399979214, 0.37851189333213153, 0.38447628477385953, 0.38801371591620526, 0.39498169149703577, 0.40049852502880523, 0.40462151680143765, 0.4059125944475658, 0.411941008855892, 0.41647915942790814, 0.42005053102256096, 0.42268250240060545, 0.4240953514038879, 0.42878971294554336, 0.4323468373886845, 0.43552068336554295, 0.43771569542341515)","(1.0416009695937092, 1.0800552355689836, 1.1064205715241804, 1.1322331302486297, 1.1541078641607732, 1.167575423895888, 1.1860577413295224, 1.2039619125801064, 1.2128390695078843, 1.2285772023780814, 1.235456277714457, 1.2508250260810598, 1.2567584717162072, 1.2612914680650327, 1.2752173197784993, 1.2804951887901355, 1.2833435843893646, 1.2855461276618827, 1.3001644400795336, 1.3034927098650422, 1.3047361651474512, 1.3057607055811447, 1.3052079016899472, 1.3234571217847497, 1.3237910324488502, 1.3238443405463403, 1.322754428249516, 1.3230586965753517, 1.3212617329502945, 1.341061231476892)"
"(0.5393451480570537, 0.6301631553680691, 0.6604932889672801, 0.6698837885739577, 0.6724518472853154, 0.6731258494927541, 0.6733007447213346, 0.6733469470711428, 0.6733630020718371, 0.6733636188529166, 0.6733636282506241, 0.6733636282506241, 0.6733636282506241, 0.6733636282506241, 0.6733636282506241, 0.6733636282506241, 0.6733636282506241, 0.6733636282506241, 0.6733636282506241, 0.6733636282506241, 0.6733636282506241, 0.6733636282506241, 0.6733636282506241, 0.6733636282506241, 0.6733636282506241, 0.6733636282506241, 0.6733636282506241, 0.6733636282506241, 0.6733636282506241, 0.6733636282506241)","(0.15790410545321854, 0.21504999719585394, 0.26356617825540285, 0.2942284928376936, 0.3173812565191796, 0.34414991679207474, 0.35972012595319436, 0.37906310770859575, 0.3927141464002646, 0.4044317767589507, 0.4160709361089663, 0.4241129769713953, 0.4357183380628519, 0.44379208321513974, 0.4492001641759199, 0.4585697596775872, 0.46577930818425284, 0.4708622985983727, 0.47495984926881085, 0.4818571647124398, 0.4872480691554134, 0.49146449606963405, 0.4936340548555398, 0.4994915251913261, 0.5047523235877185, 0.508497898257253, 0.5114708391981004, 0.5131729154979139, 0.5162147119725821, 0.5207027751152681)","(1.0608152990733206, 1.1054377093351673, 1.140120775809748, 1.1697197533822794, 1.188076783806062, 1.2107376434527892, 1.2316921886517294, 1.2518583184432397, 1.2623839004097754, 1.2704724648759227, 1.2880391426700744, 1.2953697179413761, 1.3126450894357162, 1.3178476132602126, 1.3208273229429792, 1.339678324645737, 1.3427129282094035, 1.345033026717864, 1.3454929173527248, 1.3657837621714557, 1.3668033934337378, 1.367643783092788, 1.3664641925723526, 1.3668799911655078, 1.3879044556567723, 1.3875225404372191, 1.3856326584018304, 1.3856995602794717, 1.3829079242025968, 1.3804884025161195)"
"(0.6175898522682814, 0.7114818527106523, 0.7390422476996132, 0.7466560522325878, 0.7484827207114213, 0.7489045648045307, 0.7490069167278897, 0.7490245625256833, 0.749027284932855, 0.749029863138511, 0.7490298911032927, 0.7490298913017028, 0.7490298913017028, 0.7490298913017028, 0.7490298913017028, 0.7490298913017028, 0.7490298913017028, 0.7490298913017028, 0.7490298913017028, 0.7490298913017028, 0.7490298913017028, 0.7490298913017028, 0.7490298913017028, 0.7490298913017028, 0.7490298913017028, 0.7490298913017028, 0.7490298913017028, 0.7490298913017028, 0.7490298913017028, 0.7490298913017028)","(0.19296911663158445, 0.26126660929669354, 0.31493311222679776, 0.3514339503515981, 0.38025577995467286, 0.4011274900338384, 0.42830192234296893, 0.4418005972017349, 0.46142680888320786, 0.4718609791010112, 0.4883898925113509, 0.5014959186832358, 0.5082033593835628, 0.5212047231170013, 0.5309444297809268, 0.5375059648763044, 0.5448977632270303, 0.5533744227831633, 0.5596253808162769, 0.5637253841139523, 0.5704232679436185, 0.5771528585107577, 0.5827951530486017, 0.5863678118918494, 0.5886193413201499, 0.5943563465805105, 0.5999292759438338, 0.6038019474127151, 0.6069927358191686, 0.6089415902060838)","(1.084782492543307, 1.1323079124928879, 1.1707442996599315, 1.203700907292357, 1.231492039692281, 1.2569951085330526, 1.2804384510129305, 1.294479201061766, 1.3153081859964677, 1.3246586351449656, 1.344273824935303, 1.3529513223701373, 1.3721557916918958, 1.3779946148311402, 1.3809015959907343, 1.4029611662023265, 1.4060177224933048, 1.4081950451484226, 1.4081672177962647, 1.4317920166985696, 1.4323313473681636, 1.4327928062464883, 1.4306147115404695, 1.4306872558945716, 1.455025996775993, 1.4539818951788595, 1.4509717167225045, 1.4506561528937052, 1.4464908771603757, 1.4428037149276896)"
"(0.6962314621001475, 0.79160419032854, 0.8167629163496795, 0.822536496010577, 0.8237522098315653, 0.8239939690416636, 0.8240531309051198, 0.8240605249685888, 0.8240720077619068, 0.824072166584255, 0.8240721774653545, 0.8240721774751059, 0.8240721774751059, 0.8240721774751059, 0.8240721774751059, 0.8240721774751059, 0.8240721774751059, 0.8240721774751059, 0.8240721774751059, 0.8240721774751059, 0.8240721774751059, 0.8240721774751059, 0.8240721774751059, 0.8240721774751059, 0.8240721774751059, 0.8240721774751059, 0.8240721774751059, 0.8240721774751059, 0.8240721774751059, 0.8240721774751059)","(0.23221095488972254, 0.3119404771911638, 0.3651294093271308, 0.4070419819901512, 0.4450322566223406, 0.4727046907250574, 0.4939050684931301, 0.5183810788601777, 0.5333353455709028, 0.5540824838932027, 0.5673235645229732, 0.5804950002715502, 0.5944031414895156, 0.6035327526683413, 0.6133272243855213, 0.6243074328828179, 0.6324584726431689, 0.6375122084281861, 0.6485304383296084, 0.6561494782879522, 0.6619444177282781, 0.6648927776107345, 0.6730121716316605, 0.6801840644529861, 0.6849846715696791, 0.6885828851298516, 0.6911400830783971, 0.6982849943133569, 0.7041100008806791, 0.7086304627140041)","(1.1081275437503357, 1.1661376769718614, 1.2095430950443316, 1.2468511694461477, 1.2781455906209889, 1.3063249336896825, 1.3324350728903387, 1.3488386293584391, 1.3720832139874153, 1.3825718921373427, 1.4040530426177962, 1.4142485246482361, 1.419048970435895, 1.4420729001990396, 1.4446536933631962, 1.4495798910134259, 1.4730631458219081, 1.4748154094694004, 1.4738944852700997, 1.475074135613273, 1.5008917461977367, 1.5007408459122984, 1.4971793234942736, 1.4967045310644382, 1.4918453675262906, 1.5232184428064537, 1.518504597102203, 1.5176146762270115, 1.51147243583558, 1.5061560300982175)"
"(0.7755587274356257, 0.8693348189587322, 0.8897654025268622, 0.8934172263572133, 0.8940526464147283, 0.8941644332362304, 0.8941785511848188, 0.8942004116166764, 0.8942006750207105, 0.8942007027013044, 0.8942007042587892, 0.8942007042813263, 0.89420070428134, 0.89420070428134, 0.89420070428134, 0.89420070428134, 0.89420070428134, 0.89420070428134, 0.89420070428134, 0.89420070428134, 0.89420070428134, 0.89420070428134, 0.89420070428134, 0.89420070428134, 0.89420070428134, 0.89420070428134, 0.89420070428134, 0.89420070428134, 0.89420070428134, 0.89420070428134)","(0.27542609072537017, 0.3659225297666482, 0.4260454202172502, 0.4746252276873313, 0.5120245734816922, 0.5398090071756925, 0.5731455095384139, 0.593355824913154, 0.618019283234522, 0.6322156524875139, 0.6532897358679756, 0.6672891886592208, 0.6800376649897469, 0.6945781512827099, 0.7042081257424203, 0.7133735862923309, 0.7268348780580824, 0.7355069444369153, 0.741219779452885, 0.7501454943454485, 0.7590736198246343, 0.7664147016232091, 0.7709444014644257, 0.776371162351605, 0.7853039952189591, 0.792249858213766, 0.7972789984345208, 0.8003669020581081, 0.8015756177705371, 0.8100111009739842)","(1.13308256895802, 1.1965209847933835, 1.2508464586111543, 1.29324017883806, 1.3278801549194703, 1.3590488121764182, 1.3770452490289142, 1.4071266390413142, 1.4324463946273478, 1.4442428408424706, 1.4677759268391781, 1.4796947949938593, 1.4842783462906102, 1.5100094035285792, 1.5119029693697896, 1.5171890483096906, 1.5434334364143545, 1.5444103159656661, 1.5422279368143106, 1.5429145378453748, 1.5726528312789794, 1.5713101872759583, 1.5658959402400057, 1.56442427939257, 1.5573614887749632, 1.5502498240346423, 1.5869027785491323, 1.5849649662955965, 1.5764167890578278, 1.5687080830952242)"
"(0.8546515724627444, 0.9440431858876663, 0.960758001293827, 0.9633938277047389, 0.9637959517974473, 0.9638570442257741, 0.9638724835605332, 0.9638735321924452, 0.9638736737276119, 0.9638736909752446, 0.9638736926428839, 0.9638736927127693, 0.9638736927127693, 0.9638736927127693, 0.9638736927127693, 0.9638736927127693, 0.9638736927127693, 0.9638736927127693, 0.9638736927127693, 0.9638736927127693, 0.9638736927127693, 0.9638736927127693, 0.9638736927127693, 0.9638736927127693, 0.9638736927127693, 0.9638736927127693, 0.9638736927127693, 0.9638736927127693, 0.9638736927127693, 0.9638736927127693)","(0.32192249542624507, 0.41360626501852715, 0.48714356987978435, 0.5403251894453527, 0.5855775723874483, 0.6221335919643338, 0.6500985148891644, 0.6799605494534949, 0.701949633792245, 0.7252016678556824, 0.7387897878307764, 0.7599240592139213, 0.7746624267979213, 0.7867957688394622, 0.8038823792319578, 0.8141802789493335, 0.820229562676937, 0.8353931197629337, 0.8463170406306751, 0.8530380995598962, 0.8599859412289528, 0.8716914618432277, 0.8805130675790438, 0.8864145506057901, 0.8894951310448496, 0.8968095755468296, 0.9072216676237829, 0.9138266233593485, 0.9184970835486136, 0.9213240346456798)","(1.1636033489062156, 1.2354487119532622, 1.29507725677947, 1.34288605506935, 1.3810381469317228, 1.4029478677386793, 1.4356269495253196, 1.4692634165996934, 1.4800130109550838, 1.5099411972110077, 1.515377186648584, 1.5487429159918376, 1.552767516241912, 1.5535769155875097, 1.5821659454798258, 1.5874462255593011, 1.5835022572981754, 1.6168762269265042, 1.6130050207505928, 1.612652127635188, 1.604196195646142, 1.6435145201552976, 1.6353300699521687, 1.632434711405206, 1.622457030556812, 1.6121652779445164, 1.598428535913074, 1.6510118289986568, 1.6390547682034087, 1.6281280292196643)"
"(0.9330391834067018, 1.0153794525905941, 1.027327824593411, 1.02877535289781, 1.0289439242671086, 1.028961249167775, 1.0289630562593421, 1.0289632494310927, 1.0289632689131043, 1.0289632706786924, 1.028963270804784, 1.0289632708084202, 1.0289632708084202, 1.0289632708084202, 1.0289632708084202, 1.0289632708084202, 1.0289632708084202, 1.0289632708084202, 1.0289632708084202, 1.0289632708084202, 1.0289632708084202, 1.0289632708084202, 1.0289632708084202, 1.0289632708084202, 1.0289632708084202, 1.0289632708084202, 1.0289632708084202, 1.0289632708084202, 1.0289632708084202, 1.0289632708084202)","(0.3652640706215582, 0.4774192257316775, 0.5576467962277725, 0.6178486487992523, 0.6657719694472248, 0.7039828879046307, 0.7385284324916738, 0.7693974439086749, 0.7948686803078969, 0.8183957784598378, 0.8396956877864529, 0.8569879270441405, 0.8776202104783306, 0.8909184919366295, 0.9029379985747817, 0.9208579747997071, 0.931562817859605, 0.9382335176180789, 0.9547702254964756, 0.9670095844731434, 0.9749909905666898, 0.9786895878814479, 0.992534512069034, 1.0029313557452948, 1.0104928699523952, 1.015234067446705, 1.0172642092027733, 1.0269435224756247, 1.0374350413995814, 1.043385045267418)","(1.1923308489456386, 1.2771608218093107, 1.334234264150182, 1.3959922383517867, 1.4247365055752763, 1.462124648334717, 1.4976917881511023, 1.53543140838092, 1.5465028168499033, 1.5792618737003794, 1.5835513773091792, 1.6213998023079867, 1.6243483329300001, 1.6233211604720865, 1.655482440455467, 1.660480015902606, 1.6537785033918464, 1.6913398593689415, 1.6848002290551591, 1.6829068721604672, 1.6702684427155312, 1.659478455245598, 1.6426603094590067, 1.6987711110999513, 1.684623965272685, 1.670039244911925, 1.6517053318629578, 1.6413978691259101, 1.621327751062926, 1.6027634283823333)"
"(1.0100745697630646, 1.083175494563649, 1.0917242124564184, 1.092565650022392, 1.0926447843703437, 1.0926518793279452, 1.0926525731453345, 1.0926526393665315, 1.0926568104790548, 1.0926568110639412, 1.0926568111141823, 1.092656811117613, 1.092656811117712, 1.092656811117712, 1.092656811117712, 1.092656811117712, 1.092656811117712, 1.092656811117712, 1.092656811117712, 1.092656811117712, 1.092656811117712, 1.092656811117712, 1.092656811117712, 1.092656811117712, 1.092656811117712, 1.092656811117712, 1.092656811117712, 1.092656811117712, 1.092656811117712, 1.092656811117712)","(0.42119400624948233, 0.5408394276339252, 0.6308412139374877, 0.6936598409384103, 0.7459871009000093, 0.7940429278141105, 0.8327585775866587, 0.8611145763521219, 0.8957265919975527, 0.9143848564666743, 0.9444555558461587, 0.9651749056993977, 0.97829647091861, 1.0015619611506996, 1.0156955616909005, 1.0293401696162041, 1.048251859374654, 1.060834036058331, 1.0670543126788725, 1.0827565399003962, 1.096510422548468, 1.1060708679550726, 1.11203124427594, 1.1124431887050572, 1.133323958509533, 1.1419242620423065, 1.149627968501532, 1.1524774333437504, 1.152587043967499, 1.1770914026182093)","(1.2277769490657038, 1.3218460237068028, 1.3849343211205147, 1.4406280508624651, 1.484333985933359, 1.5250594427182114, 1.5636275409972018, 1.6056033637404004, 1.6161899104335404, 1.6524157030580633, 1.6547044483211157, 1.6980726646058266, 1.6991957528500878, 1.694950178411604, 1.7305326886101364, 1.7349254560826555, 1.7238769557303015, 1.710894571047775, 1.6936044406227158, 1.7517541662740368, 1.7334545274737425, 1.718034806724899, 1.6955214449604887, 1.681502711937541, 1.6574025091049989, 1.6331057840220036, 1.605350119567707, 1.5874849898665615, 1.5589725027566979, 1.5327108208093967)"
"(1.0848187955113135, 1.1490077378962602, 1.154407104531352, 1.154821473169887, 1.1548497679748229, 1.154851761510368, 1.1548519110570248, 1.1548519213482908, 1.1548519220885445, 1.154851922135062, 1.1548519221378997, 1.154851922138037, 1.1548519221380396, 1.1548519221380396, 1.1548519221380396, 1.1548519221380396, 1.1548519221380396, 1.1548519221380396, 1.1548519221380396, 1.1548519221380396, 1.1548519221380396, 1.1548519221380396, 1.1548519221380396, 1.1548519221380396, 1.1548519221380396, 1.1548519221380396, 1.1548519221380396, 1.1548519221380396, 1.1548519221380396, 1.1548519221380396)","(0.4762154995099329, 0.6144045537151603, 0.7085801274336752, 0.77794084524484, 0.8400437057549429, 0.8897306964964099, 0.925003218824287, 0.9667084111329688, 0.9970064614587326, 1.0309582287639278, 1.0472226016937611, 1.0785920183398936, 1.0952571238867028, 1.1161311048711962, 1.1386293638440617, 1.151816448169711, 1.164183966896886, 1.1843607847754871, 1.2004069180209531, 1.2070021065404481, 1.219807454002162, 1.2340404456508165, 1.247371688866707, 1.2530854941831153, 1.2550669247520698, 1.2820739697600478, 1.2961938795496089, 1.301539591410457, 1.3086889947436475, 1.29897681971197)","(1.2593746423189216, 1.3601405680891505, 1.4388152977950024, 1.5008695271847403, 1.5476747338529806, 1.591915961516981, 1.6328427563469563, 1.6796890187310842, 1.6890185540442697, 1.7292649492018934, 1.7285705856882998, 1.7337106667758142, 1.7752268664414979, 1.7671317188123008, 1.7498328662287943, 1.80915354082681, 1.792009721297331, 1.7727273372416226, 1.7494319046999438, 1.7336013337577418, 1.7022034469877094, 1.6746573021265379, 1.7404061564334428, 1.7213442507739574, 1.6898158286838556, 1.65726544671313, 1.6222254410548136, 1.599347000897506, 1.563327591749414, 1.5298946096934327)"
"(1.1571948162116863, 1.2095679265705117, 1.212378856393507, 1.2125327088950977, 1.2125393076609914, 1.2125396060922902, 1.2125396205697108, 1.2125396211983093, 1.2125396212270476, 1.2125396212281805, 1.212539621228225, 1.2125396212282258, 1.2125396212282258, 1.2125396212282258, 1.2125396212282258, 1.2125396212282258, 1.2125396212282258, 1.2125396212282258, 1.2125396212282258, 1.2125396212282258, 1.2125396212282258, 1.2125396212282258, 1.2125396212282258, 1.2125396212282258, 1.2125396212282258, 1.2125396212282258, 1.2125396212282258, 1.2125396212282258, 1.2125396212282258, 1.2125396212282258)","(0.5418633256966335, 0.6913122659245665, 0.7936949157072901, 0.8718795058972512, 0.9365363439878159, 0.9858836214955257, 1.0347552330612069, 1.07910778896854, 1.1097339526013716, 1.1413205933486363, 1.1703358384500953, 1.1948242341941515, 1.2238292973650744, 1.2391497160862894, 1.2640142844222009, 1.2857265527621689, 1.298344035964642, 1.3018381996595014, 1.3336823460972185, 1.346781175147577, 1.355814511478611, 1.3562319484335439, 1.398714517669354, 1.4069822379493986, 1.418014509879924, 1.4065252178334768, 1.4255746166784617, 1.439214526177841, 1.4504095686275638, 1.4572137060633086)","(1.3001639333543973, 1.4106526230943126, 1.4964115451007938, 1.5644637405167376, 1.6154128368819576, 1.6620325691663322, 1.704818638869966, 1.7244876832408895, 1.7653574903376197, 1.7643346469953338, 1.8035056810658256, 1.806906193974775, 1.787424066102371, 1.8369456370479893, 1.8123813260621333, 1.801266494477515, 1.7667442593302718, 1.8280428000130495, 1.7977717108971836, 1.775870245429432, 1.7341717062282733, 1.6973714805860227, 1.653805361285776, 1.6228802134600075, 1.5800304482310443, 1.6625769892750917, 1.6186906043490947, 1.5894354487254856, 1.5444210450440785, 1.5028189446900861)"
"(1.2259868937667417, 1.2668516882325176, 1.2685386510309788, 1.2686063247873935, 1.2686087849958132, 1.2686088925631975, 1.2686088971468408, 1.2686088973406902, 1.2686088973496306, 1.2686088973499978, 1.2686088973500125, 1.268608897350013, 1.268608897350013, 1.268608897350013, 1.268608897350013, 1.268608897350013, 1.268608897350013, 1.268608897350013, 1.268608897350013, 1.268608897350013, 1.268608897350013, 1.268608897350013, 1.268608897350013, 1.268608897350013, 1.268608897350013, 1.268608897350013, 1.268608897350013, 1.268608897350013, 1.268608897350013, 1.268608897350013)","(0.60307210737008, 0.7713427301108766, 0.8829576691833797, 0.9658943246729593, 1.0348476506694086, 1.0961128692248852, 1.1504203586863102, 1.1850177780490512, 1.2298842316856882, 1.2585753272555904, 1.3000706910500115, 1.3218074834001319, 1.3510911609882608, 1.3781407410089925, 1.3930216607700645, 1.4162633334714445, 1.4429995090187444, 1.4538231840523554, 1.4850290544175078, 1.4993453977092086, 1.5203282513075038, 1.5311021379440173, 1.523645053264357, 1.545201723365472, 1.5594138612659192, 1.5692878284427203, 1.5729538953729252, 1.5709252401320715, 1.5628439250090675, 1.549483888552603)","(1.3434436030685277, 1.4646728149237294, 1.5572388242478228, 1.6325728156765265, 1.6863036357940124, 1.7358165966994756, 1.7797747586173371, 1.8008068359204057, 1.8424768970513195, 1.8367004657791983, 1.8775937447317406, 1.8783846668619943, 1.8489955143043744, 1.8137130498035037, 1.86919442150691, 1.8529004253741492, 1.805000396233784, 1.7578997962225655, 1.7092690881431778, 1.6717589126153167, 1.7476178255303008, 1.70005980812166, 1.6454191991338318, 1.6053534920445114, 1.5526160235849287, 1.499264579957103, 1.4464031516300424, 1.4098120916501249, 1.359235163264995, 1.3133758442610841)"
"(1.2905079554417807, 1.3206075913313522, 1.321437627567415, 1.3214568579178114, 1.3214573409772443, 1.3214573544531438, 1.3214573547951547, 1.3214573548036923, 1.3214573548039246, 1.32145735480393, 1.32145735480393, 1.32145735480393, 1.32145735480393, 1.32145735480393, 1.32145735480393, 1.32145735480393, 1.32145735480393, 1.32145735480393, 1.32145735480393, 1.32145735480393, 1.32145735480393, 1.32145735480393, 1.32145735480393, 1.32145735480393, 1.32145735480393, 1.32145735480393, 1.32145735480393, 1.32145735480393, 1.32145735480393, 1.32145735480393)","(0.6779408059332741, 0.8522353394459854, 0.9786517854329496, 1.0687631674729117, 1.148565368437544, 1.2179372498426015, 1.2625984825362888, 1.314808426612887, 1.3588280940376551, 1.3962884355504246, 1.4326367622028688, 1.4670204212405484, 1.4818099822248505, 1.5173236418326388, 1.5460524453233373, 1.5539232880933884, 1.6000644843345642, 1.6278031758856364, 1.640459378658576, 1.632615578708533, 1.6586602761655227, 1.6743698906982871, 1.6831120492082383, 1.6826616342584142, 1.6744008371834052, 1.6567433464221542, 1.6305194461772738, 1.5998822808567343, 1.5585966901370267, 1.5123619421094614)","(1.3896467635305905, 1.5222072072927426, 1.6218776189473116, 1.7047897997278176, 1.7607700206302677, 1.812774825834397, 1.811746540368758, 1.8786136899324735, 1.8537854091066341, 1.9074773115269095, 1.8689719188404608, 1.9470944562774906, 1.902999596536925, 1.853946489917958, 1.7949025127797849, 1.7577218762864575, 1.8265110812687768, 1.7641828266148407, 1.7034348054801514, 1.6543444826970948, 1.58329162922956, 1.5219391688445223, 1.4560967619381622, 1.4065590541145303, 1.498440600087154, 1.2900393292303143, 1.2339094043430099, 1.1943407117035705, 1.1440335351440576, 1.0996180758061047)"
"(1.350124893907953, 1.3699802672023327, 1.3702697940747162, 1.370273647174836, 1.3702736982559096, 1.3702736990141915, 1.3702736990240938, 1.3702736990242212, 1.3702736990242226, 1.3702736990242226, 1.3702736990242226, 1.3702736990242226, 1.3702736990242226, 1.3702736990242226, 1.3702736990242226, 1.3702736990242226, 1.3702736990242226, 1.3702736990242226, 1.3702736990242226, 1.3702736990242226, 1.3702736990242226, 1.3702736990242226, 1.3702736990242226, 1.3702736990242226, 1.3702736990242226, 1.3702736990242226, 1.3702736990242226, 1.3702736990242226, 1.3702736990242226, 1.3702736990242226)","(0.7504144075551729, 0.9458980152953057, 1.0798757937049293, 1.1863472367087784, 1.267358848608475, 1.328578489866998, 1.3873200091882683, 1.4506783321892571, 1.4803362025317417, 1.5448143929021358, 1.5664280035035136, 1.607376363631381, 1.641914079842838, 1.6813642410587755, 1.7242627180495984, 1.7373611474534143, 1.7467689621283227, 1.762015706213508, 1.782351721593618, 1.7921289163602734, 1.7882598890115693, 1.7732914389337417, 1.7442535593355748, 1.70284379240755, 1.6557728242303882, 1.5935824753962842, 1.5220812694166748, 1.4509417931031372, 1.3655353869779554, 1.2785654134914664)","(1.4269411702467807, 1.5824288363946866, 1.6892050358725785, 1.7810959360660414, 1.8379785274903548, 1.8383985314567075, 1.882240081781475, 1.9562055607461073, 1.9158374529957496, 1.9741715171958034, 1.9195159428219737, 1.885924275204982, 1.8125226051566052, 1.8775176481002478, 1.8012676603006492, 1.7520231173644036, 1.6639367992610885, 1.581137086721652, 1.6721400645688282, 1.6071101099699097, 1.5234508339167767, 1.4502543585201055, 1.3757660652473374, 1.3165456709233845, 1.2537010345310406, 1.1893840799112223, 1.1301750239961819, 0.9750190852604632, 0.9328459251986211, 0.8966935206920369)"
"(1.404050242135218, 1.4171130784284833, 1.4172328451525775, 1.417233903261634, 1.4172339144204993, 1.4172339145534019, 1.4172339145550348, 1.4172339145550557, 1.417233914555056, 1.417233914555056, 1.417233914555056, 1.417233914555056, 1.417233914555056, 1.417233914555056, 1.417233914555056, 1.417233914555056, 1.417233914555056, 1.417233914555056, 1.417233914555056, 1.417233914555056, 1.417233914555056, 1.417233914555056, 1.417233914555056, 1.417233914555056, 1.417233914555056, 1.417233914555056, 1.417233914555056, 1.417233914555056, 1.417233914555056, 1.417233914555056)","(0.8305988845898773, 1.0441338277871246, 1.181618255441839, 1.3042789570897695, 1.3895829313447265, 1.4526133093827747, 1.5322704115641754, 1.5877685239998183, 1.637522121926641, 1.6788705135518662, 1.728848971230303, 1.7618136259343036, 1.8205556951323523, 1.847096541510862, 1.8465547399483446, 1.8787263506564282, 1.8958091635974168, 1.8929079085308271, 1.8732902887355243, 1.8332454391011597, 1.7752792288906099, 1.7091123573318385, 1.6218902513206515, 1.5225486905652477, 1.4246621821915624, 1.30866877755133, 1.187472610220484, 1.0756552025674293, 0.9502082352556078, 0.8303612265317699)","(1.4785870363781155, 1.6477781318528248, 1.7314863642119627, 1.8629667608078158, 1.917876647034596, 1.9070557069424345, 1.949246500631674, 2.0337099978389843, 1.9693164315881257, 1.9095284676294269, 1.9561189107204613, 1.9052423338731215, 1.8114165710192245, 1.7116161883291203, 1.783378942600891, 1.7164156001972788, 1.6107633813681785, 1.508820047216692, 1.422792661902288, 1.347557039606162, 1.2609270240890418, 1.186531417110614, 1.113171799985632, 1.0556413982427426, 0.9996115891504057, 0.851882137050062, 0.8137178623834895, 0.7872822888540022, 0.7577586965970704, 0.6905092924038381)"
"(1.454080043976377, 1.4620471760974527, 1.4620850893762847, 1.462085289729516, 1.462085290869744, 1.4620852908764337, 1.4620852908764732, 1.4620852908764732, 1.4620852908764732, 1.4620852908764732, 1.4620852908764732, 1.4620852908764732, 1.4620852908764732, 1.4620852908764732, 1.4620852908764732, 1.4620852908764732, 1.4620852908764732, 1.4620852908764732, 1.4620852908764732, 1.4620852908764732, 1.4620852908764732, 1.4620852908764732, 1.4620852908764732, 1.4620852908764732, 1.4620852908764732, 1.4620852908764732, 1.4620852908764732, 1.4620852908764732, 1.4620852908764732, 1.4620852908764732)","(0.926103482306778, 1.1471081440749922, 1.2937098885124598, 1.4143641873506452, 1.5101961879927397, 1.6028553927457183, 1.682071386474861, 1.722098535301407, 1.7993715837355668, 1.8550218825480536, 1.9238061338233652, 1.9407000058173214, 1.9482864536726403, 1.986911027905765, 1.996550682169306, 1.980132727149785, 1.9347212504281446, 1.862478659400682, 1.7769636803217717, 1.6623691307534703, 1.5311091116290214, 1.4022634938932548, 1.2509920738967923, 1.0948066707653457, 0.9531436758740843, 0.7972387860256118, 0.6456272481452348, 0.5148805229648259, 0.3776112003577514, 0.25553154221115904)","(1.5326537256003607, 1.7152907873242387, 1.7985845102610283, 1.8928388606942546, 1.9320308420482981, 1.9724725058596635, 2.012119223202821, 1.9825200077363656, 2.009648841977646, 1.9277258841154497, 1.9777929558670402, 1.899061267374004, 1.7851527626618886, 1.6564072715102003, 1.5351809108070187, 1.4487424663916957, 1.5231053740210796, 1.4041036643639315, 1.3146940848861255, 1.2264818039939815, 0.989765261692127, 0.9273262781000927, 0.8686875581091803, 0.7493967871533974, 0.7178483229662032, 0.6897147414291478, 0.6315079167462204, 0.6193675795444838, 0.6064457999997163, 0.5961569651031238)"
"(1.4986674609745028, 1.502862676623149, 1.5028712013745094, 1.5028712204147627, 1.502871220458394, 1.502871220458494, 1.5028712204584944, 1.5028712204584944, 1.5028712204584944, 1.5028712204584944, 1.5028712204584944, 1.5028712204584944, 1.5028712204584944, 1.5028712204584944, 1.5028712204584944, 1.5028712204584944, 1.5028712204584944, 1.5028712204584944, 1.5028712204584944, 1.5028712204584944, 1.5028712204584944, 1.5028712204584944, 1.5028712204584944, 1.5028712204584944, 1.5028712204584944, 1.5028712204584944, 1.5028712204584944, 1.5028712204584944, 1.5028712204584944, 1.5028712204584944)","(1.01389773714148, 1.2547161180959154, 1.426400887072117, 1.5513705766729302, 1.660619982733176, 1.7627853782523233, 1.8284055513194826, 1.8893976710587221, 1.9754163135270342, 2.032736387252022, 2.0366062553017628, 2.0835222487052425, 2.089563521463349, 2.055522917466395, 1.9804601853905748, 1.8811734005888798, 1.741104946087178, 1.5761956600362832, 1.4126107526402718, 1.2206806610605283, 1.024378777244902, 0.8488768864050702, 0.6595528123633985, 0.480382843238351, 0.33075839913077143, 0.1806015118009643, 0.0503347807179344, -0.04727224767679217, -0.13153118245193518, -0.0013156144180810347)","(1.5897281281800897, 1.7834049824467022, 1.8658558985904736, 1.970595808617758, 1.9989951312952086, 2.031032336194521, 1.934851718117356, 2.0123006556174077, 2.0383040365205796, 1.926359135785586, 1.7727941228918076, 1.653345500484431, 1.7236482437076264, 1.5651446218784772, 1.4319366648305045, 1.3275842577305699, 1.2073937661604537, 1.0977997554020102, 1.0113658751523165, 0.8177269161060453, 0.7624116093662799, 0.6620920427238682, 0.6341743445534149, 0.614134764337483, 0.5969147384166733, 0.5606982827763385, 0.5528989834574595, 0.5474410968633417, 0.5423905484594255, 0.5385926065557073)"
"(1.5378689746013783, 1.539729551277897, 1.5397308530547686, 1.539730854027237, 1.539730854027964, 1.5397308540279648, 1.5397308540279648, 1.5397308540279648, 1.5397308540279648, 1.5397308540279648, 1.5397308540279648, 1.5397308540279648, 1.5397308540279648, 1.5397308540279648, 1.5397308540279648, 1.5397308540279648, 1.5397308540279648, 1.5397308540279648, 1.5397308540279648, 1.5397308540279648, 1.5397308540279648, 1.5397308540279648, 1.5397308540279648, 1.5397308540279648, 1.5397308540279648, 1.5397308540279648, 1.5397308540279648, 1.5397308540279648, 1.5397308540279648, 1.5397308540279648)","(1.1113714311480347, 1.37571283327108, 1.5528439355143955, 1.698184870288873, 1.8093705579741677, 1.8951029017653358, 2.021304133235324, 2.079147861636539, 2.1198779036771467, 2.1618762059830914, 2.177789893727607, 2.131290411690017, 2.038629451366829, 1.8863929089237734, 1.6926736601704224, 1.4932724189272961, 1.2555383036782133, 1.0117278168910195, 0.7957151406024372, 0.5667695835214563, 0.3567198734270365, 0.1887659020003012, 0.0314688804368658, -0.08941928641311203, -0.024767482689106224, -0.024767482689106224, -0.024767482689106224, -0.024767482689106224, -0.024767482689106224, -0.024767482689106224)","(1.6484452580308524, 1.8197919665868227, 1.9295383520718568, 2.047138989827879, 2.0581254575854158, 2.0735643627731406, 1.9469489196764693, 2.0190009431718714, 1.8351909802671746, 1.89316131145535, 1.7078888496039337, 1.5476336159911417, 1.3949854272198305, 1.2359251219949123, 1.104804420528695, 1.0044827390834912, 0.9026126319578266, 0.8185003445175139, 0.6742854215886763, 0.5934125935909247, 0.5698642345509296, 0.5548168998600809, 0.5426921089601449, 0.5336732798934358, 0.512012304094202, 0.5093944963454271, 0.5083769919612259, 0.5078423289879056, 0.5074472295693456, 0.5071669575207647)"
"(1.5730508345894032, 1.5738660376081173, 1.5738662939736128, 1.5738662940815873, 1.573866294081657, 1.573866294081657, 1.573866294081657, 1.573866294081657, 1.573866294081657, 1.573866294081657, 1.573866294081657, 1.573866294081657, 1.573866294081657, 1.573866294081657, 1.573866294081657, 1.573866294081657, 1.573866294081657, 1.573866294081657, 1.573866294081657, 1.573866294081657, 1.573866294081657, 1.573866294081657, 1.573866294081657, 1.573866294081657, 1.573866294081657, 1.573866294081657, 1.573866294081657, 1.573866294081657, 1.573866294081657, 1.573866294081657)","(1.217140196545078, 1.507752909332804, 1.6910788343524563, 1.847259533658161, 1.974658522603594, 2.09738612566371, 2.1956474288639956, 2.211914623599216, 2.261236266011239, 2.228233998551498, 2.108262400064517, 1.9127778417927783, 1.6878437759561629, 1.403542907373172, 1.1036083900019462, 0.8357135650035779, 0.5542832653233711, 0.3025580492264843, 0.11078426595440938, -0.052753311857365426, -0.028093873316289875, -0.028093873316289875, -0.028093873316289875, -0.028093873316289875, -0.028093873316289875, -0.028093873316289875, -0.028093873316289875, -0.028093873316289875, -0.028093873316289875, -0.028093873316289875)","(1.7098103469854613, 1.889562438834931, 1.9924506735243694, 2.1161862732097507, 2.1068182306133214, 2.1109685382566137, 1.9391931347992106, 1.77226231964014, 1.7653708490232911, 1.5707459942817048, 1.3634338876756298, 1.1983750706977352, 1.0513784022011587, 0.914127767641223, 0.808927728423792, 0.7373876010825513, 0.6056214288858166, 0.571690471910271, 0.5218739802733099, 0.5097786502243583, 0.5009633832655324, 0.49789639163541805, 0.49645080757774407, 0.49563999689451255, 0.49516484055251364, 0.49476530559955817, 0.4945212705036832, 0.49437813265399144, 0.4942627170099969, 0.49418644470299855)"
"(1.6053148457952124, 1.6056415445487087, 1.6056415866740963, 1.6056415866800209, 1.6056415866800218, 1.6056415866800218, 1.6056415866800218, 1.6056415866800218, 1.6056415866800218, 1.6056415866800218, 1.6056415866800218, 1.6056415866800218, 1.6056415866800218, 1.6056415866800218, 1.6056415866800218, 1.6056415866800218, 1.6056415866800218, 1.6056415866800218, 1.6056415866800218, 1.6056415866800218, 1.6056415866800218, 1.6056415866800218, 1.6056415866800218, 1.6056415866800218, 1.6056415866800218, 1.6056415866800218, 1.6056415866800218, 1.6056415866800218, 1.6056415866800218, 1.6056415866800218)","(1.3370601517231164, 1.6198958025481582, 1.8383512815298677, 1.9751737192380907, 2.138457624047113, 2.2659376852588213, 2.3078250415707364, 2.3283515988599857, 2.2184424648557135, 2.0199523679856877, 1.716520272571867, 1.362191709219526, 1.0293972776586309, 0.6728303292969264, 0.3536392513119251, 0.11678213302256268, -0.07001354462283038, -0.015521662913791978, -0.015521662913791978, -0.015521662913791978, -0.015521662913791978, -0.015521662913791978, -0.015521662913791978, -0.015521662913791978, -0.015521662913791978, -0.015521662913791978, -0.015521662913791978, -0.015521662913791978, -0.015521662913791978, -0.015521662913791978)","(1.7739931884383042, 1.9554096934441354, 2.0524567514185237, 2.1729148038405137, 2.1340040534717226, 1.9092964828614518, 1.9101258136379966, 1.6717684267026465, 1.4107610814973406, 1.4393200354864784, 1.2342321290579286, 1.0475929986913548, 0.7564940973575537, 0.6667326577044116, 0.551606410123054, 0.5265914810968501, 0.5063945828728877, 0.4955558063216075, 0.492683901475946, 0.4910628068469291, 0.49007887933221056, 0.48948108096080767, 0.489102547138629, 0.4888568119300657, 0.4886928990249276, 0.48857649001360615, 0.48850511318345313, 0.4884580897474558, 0.4884186227749586, 0.4883597101306619)"
"(1.6336729736374607, 1.633790326282317, 1.633790329565051, 1.6337903295651461, 1.6337903295651461, 1.6337903295651461, 1.6337903295651461, 1.6337903295651461, 1.6337903295651461, 1.6337903295651461, 1.6337903295651461, 1.6337903295651461, 1.6337903295651461, 1.6337903295651461, 1.6337903295651461, 1.6337903295651461, 1.6337903295651461, 1.6337903295651461, 1.6337903295651461, 1.6337903295651461, 1.6337903295651461, 1.6337903295651461, 1.6337903295651461, 1.6337903295651461, 1.6337903295651461, 1.6337903295651461, 1.6337903295651461, 1.6337903295651461, 1.6337903295651461, 1.6337903295651461)","(1.4404250853461644, 1.772559033033309, 1.999492882707313, 2.1452166490872946, 2.3235346775932966, 2.3917492829204625, 2.3758447001454397, 2.1833172573433988, 1.8429561717476592, 1.460509944207991, 1.0091236464705606, 0.5816350801740151, 0.2532390413788006, -0.011972595517288354, -0.03107754115771466, -0.03107754115771466, -0.03107754115771466, -0.03107754115771466, -0.03107754115771466, -0.03107754115771466, -0.03107754115771466, -0.03107754115771466, -0.03107754115771466, -0.03107754115771466, -0.03107754115771466, -0.03107754115771466, -0.03107754115771466, -0.03107754115771466, -0.03107754115771466, -0.03107754115771466)","(1.7959589833022596, 2.0214664032593235, 1.9852293508756325, 2.2179669794746197, 1.9256723895384382, 1.846393976249695, 1.56154683728278, 1.5238047406158008, 1.267512457509664, 1.0619588573274543, 0.8753624185236956, 0.6249049733914543, 0.5663641056511302, 0.48955945593237427, 0.47472910149116265, 0.47131531553868355, 0.46936093483067337, 0.4682810820788059, 0.46769906715600945, 0.46733369817269255, 0.4670853643729532, 0.4669494798061124, 0.4668619526597122, 0.4668043759210088, 0.46677872569956746, 0.4667466640364729, 0.46673602568911116, 0.4667301512546405, 0.46672596311214043, 0.46672350687705527)"
"(1.6584885526132198, 1.6585122665255607, 1.6585122666575463, 1.6585122666575467, 1.6585122666575467, 1.6585122666575467, 1.6585122666575467, 1.6585122666575467, 1.6585122666575467, 1.6585122666575467, 1.6585122666575467, 1.6585122666575467, 1.6585122666575467, 1.6585122666575467, 1.6585122666575467, 1.6585122666575467, 1.6585122666575467, 1.6585122666575467, 1.6585122666575467, 1.6585122666575467, 1.6585122666575467, 1.6585122666575467, 1.6585122666575467, 1.6585122666575467, 1.6585122666575467, 1.6585122666575467, 1.6585122666575467, 1.6585122666575467, 1.6585122666575467, 1.6585122666575467)","(1.5733786953238655, 1.9478120022466165, 2.2064507221536522, 2.3466592700917572, 2.4501491247277816, 2.402873656399523, 2.139608336740288, 1.6723504007295578, 1.12660959248832, 0.6508065743780511, 0.21202986662639822, -0.05833472492044678, -0.030927987331471396, -0.030927987331471396, -0.030927987331471396, -0.030927987331471396, -0.030927987331471396, -0.030927987331471396, -0.030927987331471396, -0.030927987331471396, -0.030927987331471396, -0.030927987331471396, -0.030927987331471396, -0.030927987331471396, -0.030927987331471396, -0.030927987331471396, -0.030927987331471396, -0.030927987331471396, -0.030927987331471396, -0.030927987331471396)","(1.8521407750411631, 2.0827842266895518, 1.9972229042912513, 2.020990288306665, 1.86289828984498, 1.4762836842905493, 1.4522763652081156, 1.1264469661144416, 0.8917858535573319, 0.7314804342962998, 0.8468856958235518, 0.4944934425225867, 0.48179078586710805, 0.4773995466531743, 0.47530046728770403, 0.4742447141325264, 0.47356990896027074, 0.4731765559039978, 0.4729965790072011, 0.47285199171487385, 0.47279384046838807, 0.4727406361835002, 0.4727211370187156, 0.47271032490643816, 0.4727044396685728, 0.47270069817441085, 0.47269861882690456, 0.4726975797367238, 0.4726968796124214, 0.4726964143418742)"
"(1.6800245929937634, 1.6800288587977614, 1.6800288588003816, 1.6800288588003816, 1.6800288588003816, 1.6800288588003816, 1.6800288588003816, 1.6800288588003816, 1.6800288588003816, 1.6800288588003816, 1.6800288588003816, 1.6800288588003816, 1.6800288588003816, 1.6800288588003816, 1.6800288588003816, 1.6800288588003816, 1.6800288588003816, 1.6800288588003816, 1.6800288588003816, 1.6800288588003816, 1.6800288588003816, 1.6800288588003816, 1.6800288588003816, 1.6800288588003816, 1.6800288588003816, 1.6800288588003816, 1.6800288588003816, 1.6800288588003816, 1.6800288588003816, 1.6800288588003816)","(1.7230664889402578, 2.0834853748403983, 2.4121727705624396, 2.48016370678666, 2.458743545011712, 2.071247528384212, 1.5219547338364667, 0.8589204085047177, 0.2910716345939941, -0.02618762386281115, -0.0195173379293635, -0.0195173379293635, -0.0195173379293635, -0.0195173379293635, -0.0195173379293635, -0.0195173379293635, -0.0195173379293635, -0.0195173379293635, -0.0195173379293635, -0.0195173379293635, -0.0195173379293635, -0.0195173379293635, -0.0195173379293635, -0.0195173379293635, -0.0195173379293635, -0.0195173379293635, -0.0195173379293635, -0.0195173379293635, -0.0195173379293635, -0.0195173379293635)","(1.9067656350303415, 2.1221201411683404, 1.9983701359896457, 1.9594023310611746, 1.7851012924101408, 1.3167859353373679, 1.4742613675488356, 1.0526627162051738, 0.8487394480426289, 0.47980658217027494, 0.4637688435987202, 0.45962940246196, 0.4577110914400473, 0.4566675741279083, 0.45614185920168926, 0.45584551944526375, 0.45567523265075127, 0.45561215893215823, 0.45555849553578387, 0.45554113605845487, 0.4555320003717417, 0.4555274927204018, 0.45552493884299966, 0.45552362546144926, 0.4555230044487609, 0.455522624914757, 0.4555224360019478, 0.45552237638086884, 0.4555223002522951, 0.4555222765104525)"
"(1.698596665424751, 1.698597206768064, 1.698597206768087, 1.698597206768087, 1.698597206768087, 1.698597206768087, 1.698597206768087, 1.698597206768087, 1.698597206768087, 1.698597206768087, 1.698597206768087, 1.698597206768087, 1.698597206768087, 1.698597206768087, 1.698597206768087, 1.698597206768087, 1.698597206768087, 1.698597206768087, 1.698597206768087, 1.698597206768087, 1.698597206768087, 1.698597206768087, 1.698597206768087, 1.698597206768087, 1.698597206768087, 1.698597206768087, 1.698597206768087, 1.698597206768087, 1.698597206768087, 1.698597206768087)","(1.8549370158113379, 2.2718846365758907, 2.4693523118488763, 2.540741553580204, 2.11313816463974, 1.3577252730861957, 0.6535118635226749, 0.08094020807765001, -0.027429301118757077, -0.027429301118757077, -0.027429301118757077, -0.027429301118757077, -0.027429301118757077, -0.027429301118757077, -0.027429301118757077, -0.027429301118757077, -0.027429301118757077, -0.027429301118757077, -0.027429301118757077, -0.027429301118757077, -0.027429301118757077, -0.027429301118757077, -0.027429301118757077, -0.027429301118757077, -0.027429301118757077, -0.027429301118757077, -0.027429301118757077, -0.027429301118757077, -0.027429301118757077, -0.027429301118757077)","(1.9598739653723511, 2.0072115885475426, 1.9895556525835414, 1.5782592347752935, 1.3400047628326182, 1.2968235460244375, 1.0056006535814863, 0.7205286176449442, 0.49443870917448773, 0.6236750154330925, 0.6178002015796149, 0.6147615865654025, 0.6135742355405818, 0.6128967239752021, 0.6126479252432697, 0.6124507809862145, 0.6123934099684261, 0.6123660288015854, 0.6123544254645248, 0.6123476474078923, 0.6123443362474388, 0.61234305392258, 0.6123423384916924, 0.6123423774165352, 0.6123418806950366, 0.6123413480816454, 0.6123417846743048, 0.6123417759608415, 0.6123417621353799, 0.612341776079021)"
