time,control,MK801
9.25,-47.1875,-53.8125
9.25005,-47.09375,-53.96875
9.2501,-47.40625,-54.03125
9.25015,-47.71875,-53.96875
9.250200000000001,-47.5625,-53.59375
9.250250000000001,-47.3125,-53.96875
9.250300000000001,-47.53125,-54.03125
9.250350000000001,-47.625,-54.125
9.2504,-47.40625,-53.90625
9.25045,-46.96875,-53.53125
9.2505,-47.21875,-53.75
9.25055,-47.65625,-53.90625
9.2506,-47.65625,-53.90625
9.25065,-47.28125,-53.6875
9.2507,-47.25,-53.59375
9.25075,-47.5,-53.78125
9.2508,-47.3125,-53.9375
9.25085,-46.96875,-53.65625
9.2509,-46.96875,-53.53125
9.25095,-47.5625,-53.75
9.251000000000001,-47.65625,-54.03125
9.251050000000001,-47.375,-53.5625
9.251100000000001,-46.9375,-53.5
9.25115,-47.28125,-53.53125
9.2512,-47.375,-53.59375
9.25125,-47.1875,-53.875
9.2513,-46.875,-53.625
9.25135,-47.46875,-53.46875
9.2514,-47.75,-53.46875
9.25145,-47.375,-53.8125
9.2515,-46.9375,-53.6875
9.25155,-47.1875,-53.34375
9.2516,-47.4375,-53.46875
9.25165,-47.0625,-53.59375
9.2517,-46.96875,-53.59375
9.251750000000001,-47.28125,-53.625
9.251800000000001,-47.59375,-53.71875
9.251850000000001,-47.46875,-53.5625
9.251900000000001,-47.125,-53.59375
9.25195,-47.03125,-53.46875
9.252,-47.125,-53.53125
9.25205,-47.3125,-53.46875
9.2521,-47.25,-53.34375
9.25215,-47.03125,-53.625
9.2522,-47.25,-53.5
9.25225,-47.5,-53.375
9.2523,-47.03125,-53.34375
9.25235,-46.8125,-53.5625
9.2524,-46.96875,-53.5625
9.25245,-47.21875,-53.3125
9.252500000000001,-47.125,-53.46875
9.252550000000001,-47.125,-53.5
9.252600000000001,-47.15625,-53.34375
9.252650000000001,-47.3125,-53.125
9.2527,-47.1875,-53.5
9.25275,-46.96875,-53.25
9.2528,-46.71875,-53.1875
9.25285,-47.21875,-53.15625
9.2529,-47.34375,-53.125
9.25295,-47.28125,-53.21875
9.253,-46.8125,-53.125
9.25305,-47.25,-53.09375
9.2531,-47.28125,-53.09375
9.25315,-46.9375,-53.0
9.2532,-46.75,-53.0
9.253250000000001,-47.1875,-53.0
9.253300000000001,-47.46875,-53.15625
9.253350000000001,-47.28125,-52.9375
9.253400000000001,-46.84375,-52.90625
9.25345,-47.09375,-52.96875
9.2535,-47.125,-53.125
9.25355,-46.90625,-53.0
9.2536,-46.59375,-52.9375
9.25365,-46.75,-52.75
9.2537,-47.375,-52.84375
9.25375,-47.28125,-52.96875
9.2538,-46.875,-52.96875
9.25385,-46.6875,-52.84375
9.2539,-47.0,-52.78125
9.25395,-47.03125,-52.9375
9.254,-46.75,-53.03125
9.254050000000001,-46.78125,-52.78125
9.254100000000001,-47.15625,-52.6875
9.254150000000001,-47.40625,-52.90625
9.2542,-47.0625,-52.875
9.25425,-46.71875,-52.65625
9.2543,-46.9375,-52.59375
9.25435,-47.15625,-52.8125
9.2544,-46.96875,-52.71875
9.25445,-46.90625,-52.90625
9.2545,-47.03125,-52.875
9.25455,-47.25,-52.6875
9.2546,-46.9375,-52.625
9.25465,-46.75,-53.0
9.2547,-46.5625,-52.78125
9.25475,-46.9375,-52.5625
9.254800000000001,-47.0625,-52.625
9.254850000000001,-46.8125,-52.78125
9.254900000000001,-46.8125,-52.9375
9.254950000000001,-47.15625,-52.5625
9.255,-47.03125,-52.59375
9.25505,-46.875,-52.71875
9.2551,-46.65625,-52.625
9.25515,-46.8125,-52.625
9.2552,-47.15625,-52.5625
9.25525,-47.125,-52.5625
9.2553,-47.0,-52.625
9.25535,-46.90625,-52.59375
9.2554,-47.03125,-52.59375
9.25545,-46.84375,-52.375
9.2555,-46.5625,-52.3125
9.255550000000001,-46.40625,-52.625
9.255600000000001,-47.0625,-52.71875
9.255650000000001,-47.1875,-52.40625
9.255700000000001,-46.90625,-52.21875
9.25575,-46.65625,-52.5625
9.2558,-47.03125,-52.59375
9.25585,-46.96875,-52.21875
9.2559,-46.71875,-52.46875
9.25595,-46.375,-52.375
9.256,-47.03125,-52.5
9.25605,-47.3125,-52.3125
9.2561,-47.125,-52.1875
9.25615,-46.6875,-52.28125
9.2562,-46.875,-52.3125
9.25625,-47.0625,-52.5
9.256300000000001,-46.8125,-52.4375
9.256350000000001,-46.5625,-52.25
9.256400000000001,-46.875,-52.21875
9.256450000000001,-47.25,-52.40625
9.2565,-47.0,-52.5625
9.25655,-46.625,-52.15625
9.2566,-46.46875,-52.125
9.25665,-47.0,-52.4375
9.2567,-46.71875,-52.1875
9.25675,-46.75,-52.28125
9.2568,-46.65625,-52.21875
9.25685,-47.125,-52.25
9.2569,-46.90625,-52.25
9.25695,-46.78125,-52.25
9.257,-46.4375,-52.25
9.25705,-46.6875,-52.09375
9.257100000000001,-46.875,-52.125
9.257150000000001,-46.8125,-52.375
9.257200000000001,-46.625,-52.1875
9.25725,-46.78125,-52.21875
9.2573,-47.03125,-52.0
9.25735,-46.84375,-52.125
9.2574,-46.4375,-52.34375
9.25745,-46.40625,-52.15625
9.2575,-46.75,-52.125
9.25755,-46.9375,-52.09375
9.2576,-46.84375,-52.125
9.25765,-46.75,-52.28125
9.2577,-46.90625,-52.0
9.25775,-46.90625,-52.125
9.2578,-46.6875,-52.0625
9.257850000000001,-46.4375,-52.0625
9.257900000000001,-46.8125,-52.09375
9.257950000000001,-47.0,-52.0
9.258000000000001,-46.84375,-51.90625
9.25805,-46.4375,-52.0
9.2581,-46.625,-52.03125
9.25815,-47.0,-51.8125
9.2582,-46.6875,-51.65625
9.25825,-46.21875,-51.84375
9.2583,-46.71875,-52.09375
9.25835,-47.125,-52.0
9.2584,-46.90625,-51.65625
9.25845,-46.59375,-51.875
9.2585,-46.53125,-51.875
9.25855,-46.71875,-51.78125
9.258600000000001,-46.59375,-51.90625
9.258650000000001,-46.53125,-51.90625
9.258700000000001,-46.4375,-51.6875
9.258750000000001,-46.8125,-51.75
9.2588,-46.96875,-51.875
9.25885,-46.6875,-51.625
9.2589,-46.28125,-51.65625
9.25895,-46.53125,-51.78125
9.259,-46.75,-51.875
9.25905,-46.5,-51.71875
9.2591,-46.625,-51.5
9.25915,-46.84375,-51.71875
9.2592,-47.03125,-51.625
9.25925,-46.8125,-51.875
9.2593,-46.34375,-51.5625
9.259350000000001,-46.46875,-51.5625
9.259400000000001,-46.71875,-51.53125
9.259450000000001,-46.78125,-51.71875
9.259500000000001,-46.65625,-51.78125
9.25955,-46.5625,-51.34375
9.2596,-46.8125,-51.53125
9.25965,-46.84375,-51.5625
9.2597,-46.5,-51.78125
9.25975,-46.40625,-51.5625
9.2598,-46.5625,-51.46875
9.25985,-46.78125,-51.5
9.2599,-46.75,-51.8125
9.25995,-46.5,-51.5625
9.26,-46.78125,-51.3125
9.26005,-46.875,-51.40625
9.260100000000001,-46.625,-51.59375
9.260150000000001,-46.28125,-51.6875
9.260200000000001,-46.34375,-51.4375
9.260250000000001,-46.5625,-51.375
9.2603,-46.78125,-51.4375
9.26035,-46.6875,-51.625
9.2604,-46.4375,-51.6875
9.26045,-46.65625,-51.3125
9.2605,-46.65625,-51.28125
9.26055,-46.5,-51.53125
9.2606,-46.125,-51.53125
9.26065,-46.71875,-51.4375
9.2607,-47.09375,-51.125
9.26075,-46.75,-51.1875
9.2608,-46.21875,-51.4375
9.26085,-46.6875,-51.59375
9.260900000000001,-46.8125,-51.34375
9.260950000000001,-46.4375,-51.15625
9.261000000000001,-46.15625,-51.40625
9.261050000000001,-46.6875,-51.40625
9.2611,-47.03125,-51.40625
9.26115,-46.65625,-51.25
9.2612,-46.375,-51.15625
9.26125,-46.40625,-51.21875
9.2613,-46.71875,-51.4375
9.26135,-46.5,-51.3125
9.2614,-46.40625,-51.0625
9.26145,-46.53125,-50.875
9.2615,-47.03125,-51.40625
9.26155,-46.9375,-51.375
9.2616,-46.46875,-51.03125
9.261650000000001,-46.3125,-51.125
9.261700000000001,-46.6875,-51.46875
9.261750000000001,-46.625,-51.3125
9.261800000000001,-46.71875,-51.21875
9.26185,-46.5625,-51.0
9.2619,-46.8125,-51.0625
9.26195,-46.875,-51.125
9.262,-46.6875,-51.34375
9.26205,-46.4375,-51.03125
9.2621,-46.375,-50.9375
9.26215,-46.5,-51.0625
9.2622,-46.5625,-51.4375
9.26225,-46.625,-51.21875
9.2623,-46.46875,-50.8125
9.26235,-46.75,-51.03125
9.262400000000001,-46.71875,-51.09375
9.262450000000001,-46.375,-51.375
9.262500000000001,-46.125,-50.84375
9.262550000000001,-46.5,-50.90625
9.2626,-46.8125,-51.09375
9.26265,-46.78125,-51.25
9.2627,-46.4375,-50.96875
9.26275,-46.6875,-50.84375
9.2628,-46.75,-51.0
9.26285,-46.5625,-51.125
9.2629,-46.25,-51.21875
9.26295,-46.4375,-50.9375
9.263,-46.875,-50.78125
9.26305,-46.96875,-50.8125
9.2631,-46.59375,-51.21875
9.263150000000001,-46.53125,-51.15625
9.263200000000001,-46.8125,-50.71875
9.263250000000001,-46.78125,-50.90625
9.263300000000001,-46.3125,-51.03125
9.26335,-46.4375,-51.1875
9.2634,-47.03125,-50.9375
9.26345,-46.8125,-50.84375
9.2635,-46.59375,-51.03125
9.26355,-46.34375,-51.0
9.2636,-46.625,-51.09375
9.26365,-46.78125,-50.8125
9.2637,-46.46875,-50.78125
9.26375,-46.375,-50.84375
9.2638,-46.71875,-51.15625
9.26385,-46.96875,-50.9375
9.2639,-46.90625,-50.78125
9.263950000000001,-46.375,-50.71875
9.264000000000001,-46.5,-51.0625
9.264050000000001,-46.75,-51.0625
9.264100000000001,-46.5,-50.78125
9.26415,-46.46875,-50.875
9.2642,-46.59375,-50.875
9.26425,-47.0,-51.25
9.2643,-46.78125,-50.9375
9.26435,-46.5625,-50.71875
9.2644,-46.25,-50.78125
9.26445,-46.46875,-50.84375
9.2645,-46.5625,-51.25
9.26455,-46.59375,-50.96875
9.2646,-46.65625,-50.78125
9.26465,-46.78125,-50.71875
9.264700000000001,-46.78125,-51.09375
9.264750000000001,-46.6875,-51.125
9.264800000000001,-46.3125,-50.5625
9.264850000000001,-46.4375,-50.78125
9.2649,-46.8125,-50.96875
9.26495,-46.90625,-51.25
9.265,-46.5,-50.65625
9.26505,-46.5625,-50.4375
9.2651,-46.8125,-50.875
9.26515,-46.59375,-51.03125
9.2652,-46.34375,-50.90625
9.26525,-46.28125,-50.59375
9.2653,-46.75,-50.5625
9.26535,-46.8125,-50.6875
9.2654,-46.75,-51.03125
9.265450000000001,-46.4375,-50.90625
9.265500000000001,-46.78125,-50.40625
9.265550000000001,-46.78125,-50.40625
9.265600000000001,-46.53125,-51.03125
9.26565,-46.21875,-51.0625
9.2657,-46.4375,-50.375
9.26575,-46.9375,-50.375
9.2658,-46.8125,-50.78125
9.26585,-46.34375,-50.9375
9.2659,-46.5,-50.78125
9.26595,-46.78125,-50.4375
9.266,-46.46875,-50.5625
9.26605,-46.1875,-50.65625
9.2661,-46.375,-51.0
9.26615,-46.875,-50.65625
9.266200000000001,-46.75,-50.375
9.266250000000001,-46.40625,-50.4375
9.266300000000001,-46.25,-50.71875
9.266350000000001,-46.5625,-50.84375
9.2664,-46.46875,-50.40625
9.26645,-46.40625,-50.25
9.2665,-46.375,-50.5625
9.26655,-46.65625,-50.9375
9.2666,-46.78125,-50.78125
9.26665,-46.53125,-50.34375
9.2667,-46.1875,-50.46875
9.26675,-46.4375,-50.84375
9.2668,-46.59375,-50.90625
9.26685,-46.5625,-50.5
9.2669,-46.4375,-50.40625
9.26695,-46.65625,-50.59375
9.267000000000001,-46.625,-50.90625
9.267050000000001,-46.65625,-50.8125
9.267100000000001,-46.4375,-50.375
9.26715,-46.21875,-50.4375
9.2672,-46.40625,-50.6875
9.26725,-46.78125,-50.875
9.2673,-46.5625,-50.78125
9.26735,-46.21875,-50.34375
9.2674,-46.625,-50.5625
9.26745,-46.65625,-50.78125
9.2675,-46.46875,-50.6875
9.26755,-46.09375,-50.4375
9.2676,-46.375,-50.25
9.26765,-46.90625,-50.65625
9.2677,-46.53125,-50.8125
9.267750000000001,-46.28125,-50.5
9.267800000000001,-46.46875,-50.4375
9.267850000000001,-46.46875,-50.375
9.267900000000001,-46.40625,-50.6875
9.26795,-46.15625,-50.84375
9.268,-46.25,-50.40625
9.26805,-46.71875,-50.21875
9.2681,-46.65625,-50.59375
9.26815,-46.46875,-50.96875
9.2682,-46.03125,-50.65625
9.26825,-46.5,-50.375
9.2683,-46.5625,-50.46875
9.26835,-46.25,-50.78125
9.2684,-46.125,-50.84375
9.26845,-46.65625,-50.59375
9.268500000000001,-46.78125,-50.34375
9.268550000000001,-46.59375,-50.59375
9.268600000000001,-46.28125,-50.6875
9.268650000000001,-46.4375,-50.78125
9.2687,-46.5,-50.5625
9.26875,-46.28125,-50.40625
9.2688,-46.25,-50.6875
9.26885,-46.59375,-50.875
9.2689,-46.8125,-50.78125
9.26895,-46.65625,-50.4375
9.269,-46.125,-50.5625
9.26905,-46.09375,-50.875
9.2691,-46.375,-50.65625
9.26915,-46.5,-50.5
9.2692,-46.5,-50.46875
9.269250000000001,-46.3125,-50.53125
9.269300000000001,-46.65625,-50.8125
9.269350000000001,-46.71875,-50.59375
9.269400000000001,-46.34375,-50.4375
9.26945,-46.0625,-50.59375
9.2695,-46.375,-50.65625
9.26955,-46.53125,-50.71875
9.2696,-46.5,-50.5625
9.26965,-46.40625,-50.3125
9.2697,-46.5,-50.65625
9.26975,-46.59375,-50.90625
9.2698,-46.5625,-50.5625
9.26985,-46.25,-50.15625
9.2699,-46.09375,-50.65625
9.26995,-46.4375,-50.6875
9.27,-46.78125,-50.78125
9.270050000000001,-46.4375,-50.40625
9.270100000000001,-46.25,-50.5625
9.270150000000001,-46.5625,-50.625
9.2702,-46.6875,-50.75
9.27025,-46.25,-50.5
9.2703,-46.0,-50.625
9.27035,-46.59375,-50.53125
9.2704,-46.96875,-50.5625
9.27045,-46.625,-50.8125
9.2705,-46.34375,-50.59375
9.27055,-46.53125,-50.34375
9.2706,-46.6875,-50.8125
9.27065,-46.59375,-50.84375
9.2707,-46.125,-50.75
9.27075,-46.3125,-50.59375
9.270800000000001,-46.78125,-50.5
9.270850000000001,-46.6875,-50.78125
9.270900000000001,-46.3125,-50.875
9.270950000000001,-46.15625,-50.65625
9.271,-46.59375,-50.40625
9.27105,-46.34375,-50.625
9.2711,-46.125,-50.65625
9.27115,-46.21875,-50.8125
9.2712,-46.6875,-50.53125
9.27125,-46.625,-50.40625
9.2713,-46.46875,-50.6875
9.27135,-46.125,-50.78125
9.2714,-46.34375,-50.5625
9.27145,-46.46875,-50.40625
9.2715,-46.40625,-50.5625
9.271550000000001,-46.3125,-50.875
9.271600000000001,-46.5,-51.0
9.271650000000001,-46.8125,-50.3125
9.271700000000001,-46.625,-50.65625
9.27175,-46.21875,-50.71875
9.2718,-46.09375,-50.6875
9.27185,-46.40625,-50.65625
9.2719,-46.625,-50.9375
9.27195,-46.46875,-50.5625
9.272,-46.25,-50.59375
9.27205,-46.59375,-50.65625
9.2721,-46.46875,-50.78125
9.27215,-46.375,-50.5625
9.2722,-46.03125,-50.6875
9.27225,-46.21875,-50.75
9.272300000000001,-46.6875,-50.65625
9.272350000000001,-46.71875,-50.53125
9.272400000000001,-46.3125,-50.625
9.272450000000001,-46.46875,-50.6875
9.2725,-46.71875,-50.625
9.27255,-46.53125,-50.5
9.2726,-46.0625,-50.8125
9.27265,-46.15625,-50.59375
9.2727,-46.78125,-50.59375
9.27275,-46.78125,-50.8125
9.2728,-46.4375,-50.71875
9.27285,-46.4375,-50.65625
9.2729,-46.59375,-50.5
9.27295,-46.53125,-50.625
9.273,-46.09375,-50.84375
9.27305,-46.125,-50.6875
9.273100000000001,-46.5625,-50.5625
9.273150000000001,-46.75,-50.625
9.273200000000001,-46.625,-50.71875
9.27325,-46.34375,-50.625
9.2733,-46.4375,-50.625
9.27335,-46.6875,-50.625
9.2734,-46.40625,-50.84375
9.27345,-46.0625,-50.46875
9.2735,-46.46875,-50.59375
9.27355,-46.96875,-50.59375
9.2736,-46.78125,-50.65625
9.27365,-46.34375,-50.59375
9.2737,-46.21875,-50.71875
9.27375,-46.5,-50.625
9.2738,-46.40625,-50.375
9.273850000000001,-46.46875,-50.53125
9.273900000000001,-46.5,-50.625
9.273950000000001,-46.75,-50.4375
9.274000000000001,-46.71875,-50.28125
9.27405,-46.40625,-50.53125
9.2741,-46.25,-50.59375
9.27415,-46.625,-50.40625
9.2742,-46.71875,-50.25
9.27425,-46.75,-50.5
9.2743,-46.5,-50.46875
9.27435,-46.78125,-50.46875
9.2744,-46.9375,-50.375
9.27445,-46.71875,-50.3125
9.2745,-46.375,-50.28125
9.27455,-46.25,-50.375
9.274600000000001,-46.46875,-50.375
9.274650000000001,-46.71875,-50.25
9.274700000000001,-46.625,-50.21875
9.274750000000001,-46.5625,-50.34375
9.2748,-46.6875,-50.4375
9.27485,-46.59375,-50.25
9.2749,-46.53125,-50.125
9.27495,-46.0625,-50.25
9.275,-46.59375,-50.375
9.27505,-46.84375,-50.125
9.2751,-46.8125,-50.28125
9.27515,-46.25,-50.3125
9.2752,-46.625,-50.40625
9.27525,-46.78125,-50.40625
9.2753,-46.5,-50.375
9.275350000000001,-46.21875,-50.15625
9.275400000000001,-46.625,-50.0625
9.275450000000001,-46.90625,-50.46875
9.275500000000001,-46.78125,-50.375
9.27555,-46.46875,-50.21875
9.2756,-46.59375,-49.9375
9.27565,-46.71875,-50.25
9.2757,-46.65625,-50.25
9.27575,-46.40625,-50.1875
9.2758,-46.4375,-50.125
9.27585,-46.90625,-50.21875
9.2759,-47.09375,-50.28125
9.27595,-46.6875,-50.21875
9.276,-46.46875,-50.03125
9.27605,-46.75,-50.0625
9.2761,-46.875,-49.9375
9.276150000000001,-46.59375,-50.3125
9.276200000000001,-46.5,-49.96875
9.276250000000001,-46.8125,-49.96875
9.2763,-47.03125,-49.90625
9.27635,-46.84375,-50.21875
9.2764,-46.46875,-50.21875
9.27645,-46.5625,-50.0
9.2765,-46.75,-50.0
9.27655,-46.6875,-50.1875
9.2766,-46.78125,-50.375
9.27665,-46.65625,-49.9375
9.2767,-47.03125,-50.09375
9.27675,-47.0,-50.03125
9.2768,-46.625,-50.15625
9.27685,-46.34375,-50.21875
9.276900000000001,-46.625,-50.125
9.276950000000001,-46.84375,-50.125
9.277000000000001,-46.6875,-50.15625
9.277050000000001,-46.625,-50.3125
9.2771,-46.9375,-50.25
9.27715,-47.0625,-49.9375
9.2772,-46.71875,-50.09375
9.27725,-46.46875,-50.125
9.2773,-46.5625,-50.34375
9.27735,-46.96875,-50.0625
9.2774,-47.03125,-50.0625
9.27745,-46.78125,-50.09375
9.2775,-46.65625,-50.15625
9.27755,-46.875,-50.0
9.2776,-46.90625,-50.1875
9.277650000000001,-46.5625,-50.0
9.277700000000001,-46.40625,-50.0
9.277750000000001,-47.03125,-50.25
9.277800000000001,-47.0625,-50.0625
9.27785,-46.875,-50.0
9.2779,-46.59375,-49.9375
9.27795,-46.9375,-50.1875
9.278,-47.125,-50.28125
9.27805,-46.6875,-50.125
9.2781,-46.46875,-49.875
9.27815,-46.8125,-50.15625
9.2782,-47.09375,-50.21875
9.27825,-47.0,-50.15625
9.2783,-46.65625,-50.0
9.27835,-46.59375,-50.0
9.278400000000001,-46.96875,-50.1875
9.278450000000001,-46.8125,-50.03125
9.278500000000001,-46.5,-49.9375
9.278550000000001,-46.71875,-50.0625
9.2786,-47.09375,-50.0
9.27865,-47.0,-50.125
9.2787,-46.65625,-50.09375
9.27875,-46.4375,-49.8125
9.2788,-47.0,-49.9375
9.27885,-46.78125,-49.96875
9.2789,-46.84375,-50.3125
9.27895,-46.75,-49.9375
9.279,-47.15625,-49.84375
9.27905,-47.28125,-50.09375
9.2791,-47.0625,-50.3125
9.27915,-46.90625,-50.09375
9.279200000000001,-46.9375,-50.125
9.279250000000001,-47.03125,-50.0
9.279300000000001,-47.125,-50.1875
9.27935,-46.90625,-50.0625
9.2794,-46.9375,-50.0625
9.27945,-47.15625,-49.96875
9.2795,-47.0,-50.0625
9.27955,-46.75,-50.25
9.2796,-46.6875,-50.0625
9.27965,-47.09375,-49.90625
9.2797,-47.125,-49.96875
9.27975,-47.09375,-50.1875
9.2798,-46.84375,-50.21875
9.27985,-47.03125,-50.125
9.2799,-47.15625,-49.84375
9.279950000000001,-46.84375,-50.03125
9.280000000000001,-46.5,-50.34375
9.280050000000001,-46.875,-50.21875
9.280100000000001,-47.3125,-50.0625
9.28015,-47.28125,-50.0625
9.2802,-46.84375,-50.1875
9.28025,-46.875,-50.1875
9.2803,-47.125,-50.125
9.28035,-46.96875,-50.0
9.2804,-46.6875,-50.0625
9.28045,-46.875,-50.15625
9.2805,-47.46875,-50.3125
9.28055,-47.25,-50.15625
9.2806,-46.84375,-49.8125
9.28065,-46.78125,-50.125
9.280700000000001,-47.03125,-50.25
9.280750000000001,-47.125,-50.1875
9.280800000000001,-46.9375,-49.84375
9.280850000000001,-46.78125,-49.8125
9.2809,-47.0625,-50.0625
9.28095,-47.28125,-50.34375
9.281,-47.15625,-50.03125
9.28105,-46.65625,-49.75
9.2811,-46.8125,-49.84375
9.28115,-47.03125,-50.09375
9.2812,-46.84375,-50.21875
9.28125,-46.75,-49.84375
9.2813,-47.03125,-49.8125
9.28135,-47.25,-50.09375
9.2814,-47.03125,-50.3125
9.281450000000001,-46.71875,-49.96875
9.281500000000001,-46.6875,-49.71875
9.281550000000001,-47.03125,-49.96875
9.281600000000001,-47.15625,-50.09375
9.28165,-47.0,-50.0625
9.2817,-46.75,-49.65625
9.28175,-47.15625,-49.8125
9.2818,-47.15625,-49.90625
9.28185,-46.9375,-50.09375
9.2819,-46.5,-50.0
9.28195,-46.875,-49.625
9.282,-47.15625,-49.84375
9.28205,-47.15625,-50.0
9.2821,-46.96875,-50.125
9.28215,-47.0625,-49.875
9.2822,-47.15625,-49.5625
9.282250000000001,-47.03125,-49.96875
9.282300000000001,-46.6875,-50.21875
9.282350000000001,-46.78125,-50.0
9.2824,-47.21875,-49.65625
9.28245,-47.34375,-49.78125
9.2825,-47.1875,-50.0
9.28255,-46.875,-50.0
9.2826,-47.1875,-49.875
9.28265,-47.25,-49.5625
9.2827,-46.96875,-49.8125
9.28275,-46.5625,-49.8125
9.2828,-47.21875,-50.0625
9.28285,-47.5,-49.75
9.2829,-47.4375,-49.71875
9.28295,-46.9375,-49.78125
9.283000000000001,-47.25,-50.0625
9.283050000000001,-47.3125,-49.78125
9.283100000000001,-46.96875,-49.53125
9.283150000000001,-46.90625,-49.90625
9.2832,-47.25,-49.90625
9.28325,-47.53125,-49.96875
9.2833,-47.46875,-49.78125
9.28335,-47.15625,-49.78125
9.2834,-46.78125,-50.03125
9.28345,-47.1875,-50.09375
9.2835,-47.1875,-49.96875
9.28355,-47.09375,-49.6875
9.2836,-47.09375,-49.84375
9.28365,-47.53125,-49.90625
9.2837,-47.625,-50.03125
9.283750000000001,-47.25,-49.96875
9.283800000000001,-47.03125,-49.5625
9.283850000000001,-47.15625,-49.71875
9.283900000000001,-47.25,-50.125
9.28395,-47.21875,-49.96875
9.284,-47.21875,-49.65625
9.28405,-47.34375,-49.78125
9.2841,-47.3125,-50.125
9.28415,-47.28125,-50.09375
9.2842,-47.09375,-49.6875
9.28425,-46.90625,-49.65625
9.2843,-47.15625,-49.65625
9.28435,-47.40625,-50.0
9.2844,-47.3125,-49.78125
9.28445,-47.09375,-49.75
9.284500000000001,-47.34375,-49.59375
9.284550000000001,-47.4375,-49.78125
9.284600000000001,-47.1875,-50.15625
9.284650000000001,-47.0,-49.78125
9.2847,-47.40625,-49.40625
9.28475,-47.59375,-49.5625
9.2848,-47.40625,-49.84375
9.28485,-46.96875,-49.65625
9.2849,-47.40625,-49.1875
9.28495,-47.53125,-49.25
9.285,-47.125,-49.375
9.28505,-46.9375,-49.5625
9.2851,-47.0,-49.125
9.28515,-47.65625,-48.90625
9.2852,-47.625,-49.09375
9.28525,-47.25,-49.21875
9.285300000000001,-47.09375,-49.28125
9.285350000000001,-47.4375,-48.6875
9.285400000000001,-47.5,-48.5
9.28545,-47.09375,-48.8125
9.2855,-47.0625,-49.03125
9.28555,-47.53125,-48.8125
9.2856,-47.65625,-48.5
9.28565,-47.375,-48.375
9.2857,-47.125,-48.6875
9.28575,-47.4375,-48.90625
9.2858,-47.46875,-48.25
9.28585,-47.40625,-48.25
9.2859,-47.21875,-48.3125
9.28595,-47.53125,-48.53125
9.286,-47.875,-48.5625
9.286050000000001,-47.8125,-48.34375
9.286100000000001,-47.34375,-47.9375
9.286150000000001,-47.15625,-48.125
9.286200000000001,-47.5625,-48.46875
9.28625,-47.46875,-48.1875
9.2863,-47.375,-48.0
9.28635,-47.25,-47.84375
9.2864,-47.78125,-48.09375
9.28645,-47.65625,-48.40625
9.2865,-47.4375,-47.875
9.28655,-47.1875,-47.6875
9.2866,-47.40625,-47.90625
9.28665,-47.53125,-48.25
9.2867,-47.5,-47.96875
9.28675,-47.53125,-47.71875
9.286800000000001,-47.5625,-47.71875
9.286850000000001,-47.59375,-48.0
9.286900000000001,-47.5625,-48.15625
9.286950000000001,-47.21875,-47.84375
9.287,-47.21875,-47.71875
9.28705,-47.65625,-47.6875
9.2871,-47.8125,-48.125
9.28715,-47.53125,-47.8125
9.2872,-47.53125,-47.6875
9.28725,-47.78125,-47.40625
9.2873,-47.625,-47.75
9.28735,-47.3125,-48.09375
9.2874,-47.125,-47.625
9.28745,-47.625,-47.4375
9.2875,-47.875,-47.40625
9.287550000000001,-47.78125,-47.625
9.287600000000001,-47.46875,-47.625
9.287650000000001,-47.59375,-47.21875
9.287700000000001,-47.8125,-47.09375
9.28775,-47.5625,-47.21875
9.2878,-47.125,-47.46875
9.28785,-47.5,-47.21875
9.2879,-48.0625,-46.6875
9.28795,-47.90625,-46.90625
9.288,-47.34375,-47.0625
9.28805,-47.21875,-47.125
9.2881,-47.59375,-46.71875
9.28815,-47.46875,-46.59375
9.2882,-47.21875,-46.625
9.28825,-47.25,-47.09375
9.288300000000001,-47.78125,-46.59375
9.288350000000001,-47.65625,-46.5
9.288400000000001,-47.4375,-46.3125
9.288450000000001,-47.21875,-46.5625
9.2885,-47.5625,-46.6875
9.28855,-47.53125,-46.4375
9.2886,-47.5,-46.25
9.28865,-47.40625,-46.15625
9.2887,-47.6875,-46.59375
9.28875,-47.84375,-46.53125
9.2888,-47.5625,-46.25
9.28885,-47.125,-45.9375
9.2889,-47.3125,-46.34375
9.28895,-47.4375,-46.65625
9.289,-47.4375,-46.21875
9.28905,-47.40625,-46.0
9.289100000000001,-47.3125,-46.09375
9.289150000000001,-47.59375,-46.25
9.289200000000001,-47.53125,-46.1875
9.289250000000001,-47.3125,-46.0
9.2893,-47.0625,-45.96875
9.28935,-47.40625,-46.15625
9.2894,-47.71875,-46.375
9.28945,-47.78125,-45.96875
9.2895,-47.375,-45.84375
9.28955,-47.59375,-45.8125
9.2896,-47.78125,-46.0625
9.28965,-47.46875,-46.125
9.2897,-47.0625,-45.78125
9.28975,-47.1875,-45.59375
9.2898,-47.8125,-46.21875
9.289850000000001,-47.71875,-46.15625
9.289900000000001,-47.53125,-45.78125
9.289950000000001,-47.40625,-45.65625
9.290000000000001,-47.59375,-45.875
9.29005,-47.5,-46.0
9.2901,-47.28125,-45.96875
9.29015,-47.09375,-45.78125
9.2902,-47.71875,-45.75
9.29025,-47.84375,-45.8125
9.2903,-47.53125,-45.9375
9.29035,-47.25,-46.03125
9.2904,-47.53125,-45.53125
9.29045,-47.625,-45.6875
9.2905,-47.375,-46.0625
9.29055,-47.125,-45.9375
9.290600000000001,-47.46875,-45.78125
9.290650000000001,-47.78125,-45.625
9.290700000000001,-47.59375,-45.625
9.290750000000001,-47.1875,-45.78125
9.2908,-47.34375,-45.875
9.29085,-47.4375,-45.71875
9.2909,-47.40625,-45.5625
9.29095,-47.40625,-45.78125
9.291,-47.5,-45.75
9.29105,-47.875,-45.5625
9.2911,-47.65625,-45.375
9.29115,-47.34375,-45.40625
9.2912,-47.125,-45.59375
9.29125,-47.46875,-45.5625
9.2913,-47.5625,-45.34375
9.291350000000001,-47.40625,-44.96875
9.291400000000001,-47.28125,-45.09375
9.291450000000001,-47.5625,-45.40625
9.291500000000001,-47.65625,-45.09375
9.29155,-47.375,-44.78125
9.2916,-47.15625,-44.875
9.29165,-47.3125,-44.90625
9.2917,-47.4375,-44.96875
9.29175,-47.5625,-44.875
9.2918,-47.3125,-44.78125
9.29185,-47.375,-44.65625
9.2919,-47.46875,-44.875
9.29195,-47.34375,-44.5625
9.292,-47.15625,-44.5
9.29205,-46.8125,-44.4375
9.2921,-47.34375,-44.5625
9.292150000000001,-47.75,-44.46875
9.292200000000001,-47.40625,-44.34375
9.292250000000001,-47.1875,-44.1875
9.292300000000001,-47.4375,-44.09375
9.29235,-47.59375,-44.1875
9.2924,-47.25,-44.25
9.29245,-47.0,-44.0
9.2925,-47.40625,-44.0
9.29255,-47.8125,-44.0
9.2926,-47.6875,-44.09375
9.29265,-47.3125,-43.8125
9.2927,-47.28125,-44.09375
9.29275,-47.5625,-43.96875
9.2928,-47.40625,-43.65625
9.29285,-47.125,-43.9375
9.292900000000001,-47.28125,-43.84375
9.292950000000001,-47.75,-43.8125
9.293000000000001,-47.78125,-43.65625
9.293050000000001,-47.21875,-43.84375
9.2931,-47.0625,-43.65625
9.29315,-47.46875,-43.53125
9.2932,-47.46875,-43.59375
9.29325,-47.28125,-43.71875
9.2933,-47.28125,-43.78125
9.29335,-47.625,-43.3125
9.2934,-47.6875,-43.53125
9.29345,-47.59375,-43.4375
9.2935,-47.34375,-43.5625
9.29355,-47.375,-43.4375
9.2936,-47.53125,-43.4375
9.293650000000001,-47.59375,-43.15625
9.293700000000001,-47.375,-43.40625
9.293750000000001,-47.625,-43.625
9.293800000000001,-47.84375,-43.40625
9.29385,-47.625,-43.21875
9.2939,-47.28125,-43.15625
9.29395,-47.25,-43.34375
9.294,-47.65625,-43.03125
9.29405,-47.5625,-42.875
9.2941,-47.625,-43.03125
9.29415,-47.46875,-42.9375
9.2942,-47.625,-43.09375
9.29425,-47.84375,-42.9375
9.2943,-47.6875,-43.03125
9.29435,-47.25,-42.875
9.294400000000001,-47.46875,-43.0
9.294450000000001,-47.90625,-43.09375
9.294500000000001,-47.875,-42.71875
9.294550000000001,-47.53125,-42.78125
9.2946,-47.59375,-42.8125
9.29465,-47.8125,-43.0
9.2947,-47.625,-42.75
9.29475,-47.28125,-42.5625
9.2948,-47.15625,-42.53125
9.29485,-47.8125,-42.6875
9.2949,-47.84375,-42.59375
9.29495,-47.59375,-42.4375
9.295,-47.4375,-42.46875
9.29505,-47.78125,-42.5
9.2951,-47.84375,-42.46875
9.29515,-47.53125,-42.40625
9.295200000000001,-47.28125,-42.4375
9.295250000000001,-47.875,-42.25
9.295300000000001,-48.0625,-42.34375
9.295350000000001,-48.0,-42.46875
9.2954,-47.5625,-42.28125
9.29545,-47.5,-42.28125
9.2955,-47.84375,-42.09375
9.29555,-47.625,-42.28125
9.2956,-47.40625,-42.28125
9.29565,-47.75,-42.09375
9.2957,-48.1875,-42.21875
9.29575,-47.9375,-42.09375
9.2958,-47.625,-42.28125
9.29585,-47.46875,-42.09375
9.2959,-47.84375,-41.84375
9.295950000000001,-47.78125,-42.0625
9.296000000000001,-47.78125,-42.25
9.296050000000001,-47.6875,-42.03125
9.296100000000001,-47.96875,-41.84375
9.29615,-47.96875,-41.90625
9.2962,-47.71875,-41.84375
9.29625,-47.4375,-42.1875
9.2963,-47.625,-42.03125
9.29635,-47.8125,-41.78125
9.2964,-47.9375,-41.71875
9.29645,-47.71875,-41.9375
9.2965,-47.96875,-41.96875
9.29655,-48.15625,-41.625
9.2966,-47.84375,-41.71875
9.29665,-47.59375,-41.53125
9.296700000000001,-47.53125,-41.65625
9.296750000000001,-47.84375,-41.65625
9.296800000000001,-48.03125,-41.34375
9.296850000000001,-47.90625,-41.40625
9.2969,-47.78125,-41.40625
9.29695,-47.9375,-41.5625
9.297,-48.0,-41.40625
9.29705,-47.78125,-41.25
9.2971,-47.375,-41.28125
9.29715,-47.75,-41.59375
9.2972,-48.25,-41.5625
9.29725,-48.15625,-41.25
9.2973,-47.6875,-41.34375
9.29735,-47.9375,-41.59375
9.2974,-48.25,-41.5625
9.297450000000001,-47.90625,-41.375
9.297500000000001,-47.625,-41.3125
9.297550000000001,-47.9375,-41.40625
9.297600000000001,-48.21875,-41.625
9.29765,-48.09375,-41.5
9.2977,-47.84375,-41.40625
9.29775,-47.78125,-41.4375
9.2978,-48.09375,-41.3125
9.29785,-48.0625,-41.4375
9.2979,-47.8125,-41.375
9.29795,-47.625,-41.0625
9.298,-48.25,-40.9375
9.29805,-48.34375,-41.28125
9.2981,-48.03125,-41.25
9.29815,-47.71875,-40.90625
9.2982,-48.09375,-40.84375
9.298250000000001,-48.09375,-40.9375
9.298300000000001,-47.78125,-41.0
9.298350000000001,-47.875,-40.75
9.2984,-48.125,-40.75
9.29845,-48.25,-40.875
9.2985,-48.125,-40.90625
9.29855,-47.78125,-40.75
9.2986,-47.71875,-40.625
9.29865,-47.96875,-40.5625
9.2987,-48.0,-40.21875
9.29875,-48.09375,-40.4375
9.2988,-47.875,-40.28125
9.29885,-48.21875,-39.71875
9.2989,-48.25,-39.15625
9.29895,-47.90625,-31.25
9.299000000000001,-47.5625,-14.40625
9.299050000000001,-47.84375,20.28125
9.299100000000001,-48.125,49.25
9.299150000000001,-48.03125,52.21875
9.2992,-47.875,50.46875
9.29925,-48.03125,47.15625
9.2993,-48.09375,42.1875
9.29935,-47.9375,36.21875
9.2994,-47.78125,30.65625
9.29945,-47.6875,24.40625
9.2995,-48.3125,18.03125
9.29955,-48.28125,11.21875
9.2996,-48.03125,5.0
9.29965,-47.71875,-1.1875
9.2997,-48.15625,-7.15625
9.299750000000001,-48.15625,-12.9375
9.299800000000001,-47.90625,-18.40625
9.299850000000001,-47.625,-23.90625
9.299900000000001,-48.125,-28.5
9.29995,-48.34375,-31.531248
9.3,-48.15625,-34.09375
9.30005,-47.6875,-35.78125
9.3001,-47.96875,-37.34375
9.30015,-48.03125,-38.5
9.3002,-47.9375,-38.875
9.30025,-47.71875,-39.4375
9.3003,-48.03125,-39.90625
9.30035,-48.375,-40.4375
9.3004,-48.21875,-40.625
9.30045,-47.8125,-40.5
9.300500000000001,-47.84375,-40.46875
9.300550000000001,-48.125,-40.90625
9.300600000000001,-48.09375,-41.21875
9.300650000000001,-47.875,-40.84375
9.3007,-47.9375,-40.71875
9.30075,-48.3125,-40.8125
9.3008,-48.34375,-41.0
9.30085,-47.90625,-40.875
9.3009,-47.8125,-40.84375
9.30095,-48.03125,-40.59375
9.301,-48.0625,-40.8125
9.30105,-48.0625,-40.75
9.3011,-47.9375,-40.5
9.30115,-48.0625,-40.40625
9.3012,-48.28125,-40.40625
9.30125,-48.125,-40.65625
9.301300000000001,-47.96875,-40.75
9.301350000000001,-47.78125,-40.28125
9.301400000000001,-48.09375,-40.125
9.30145,-48.3125,-40.53125
9.3015,-48.125,-40.8125
9.30155,-48.09375,-40.53125
9.3016,-48.3125,-40.46875
9.30165,-48.0625,-40.28125
9.3017,-47.90625,-40.78125
9.30175,-47.625,-40.71875
9.3018,-48.0625,-40.46875
9.30185,-48.3125,-40.375
9.3019,-48.21875,-40.625
9.30195,-48.0,-40.65625
9.302,-48.03125,-40.71875
9.302050000000001,-48.15625,-40.5
9.302100000000001,-48.21875,-40.40625
9.302150000000001,-47.65625,-40.6875
9.302200000000001,-47.875,-41.0625
9.30225,-48.53125,-40.75
9.3023,-48.28125,-40.46875
9.30235,-47.8125,-40.78125
9.3024,-47.78125,-41.0
9.30245,-48.0625,-40.9375
9.3025,-48.0625,-40.8125
9.30255,-47.625,-40.84375
9.3026,-47.75,-40.96875
9.30265,-48.3125,-41.09375
9.3027,-48.21875,-40.90625
9.30275,-47.875,-40.90625
9.302800000000001,-47.6875,-40.875
9.302850000000001,-48.125,-41.125
9.302900000000001,-48.1875,-41.3125
9.302950000000001,-47.90625,-41.125
9.303,-47.75,-40.9375
9.30305,-48.125,-41.09375
9.3031,-48.46875,-41.40625
9.30315,-48.28125,-41.40625
9.3032,-47.75,-41.0625
9.30325,-47.875,-41.21875
9.3033,-48.125,-41.5625
9.30335,-48.03125,-41.53125
9.3034,-48.09375,-41.25
9.30345,-48.03125,-41.3125
9.3035,-48.3125,-41.21875
9.303550000000001,-48.125,-41.5
9.303600000000001,-47.90625,-41.5625
9.303650000000001,-47.65625,-41.1875
9.303700000000001,-47.9375,-41.125
9.30375,-48.0625,-41.53125
9.3038,-48.09375,-41.75
9.30385,-48.03125,-41.59375
9.3039,-48.09375,-41.21875
9.30395,-48.21875,-41.5
9.304,-48.03125,-41.71875
9.30405,-47.65625,-41.84375
9.3041,-47.84375,-41.375
9.30415,-48.28125,-41.4375
9.3042,-48.15625,-41.78125
9.30425,-48.03125,-41.78125
9.3043,-47.875,-41.8125
9.304350000000001,-48.09375,-41.53125
9.304400000000001,-47.96875,-41.375
9.304450000000001,-47.6875,-41.8125
9.3045,-47.6875,-41.90625
9.30455,-48.21875,-41.625
9.3046,-48.3125,-41.53125
9.30465,-48.125,-41.78125
9.3047,-47.875,-42.0625
9.30475,-48.125,-41.78125
9.3048,-48.125,-41.46875
9.30485,-47.9375,-41.8125
9.3049,-47.65625,-41.90625
9.30495,-48.0,-42.21875
9.305,-48.4375,-41.84375
9.30505,-48.1875,-41.65625
9.305100000000001,-47.8125,-41.875
9.305150000000001,-47.90625,-42.1875
9.305200000000001,-48.1875,-42.09375
9.305250000000001,-48.09375,-41.6875
9.3053,-47.78125,-41.84375
9.30535,-48.0,-42.03125
9.3054,-48.4375,-42.21875
9.30545,-48.25,-41.96875
9.3055,-47.9375,-41.78125
9.30555,-47.59375,-41.96875
9.3056,-48.0,-42.375
9.30565,-48.03125,-42.40625
9.3057,-47.875,-41.9375
9.30575,-47.65625,-41.96875
9.3058,-48.15625,-42.34375
9.305850000000001,-48.25,-42.5
9.305900000000001,-47.875,-42.21875
9.305950000000001,-47.625,-41.90625
9.306000000000001,-47.75,-42.25
9.30605,-47.875,-42.4375
9.3061,-47.96875,-42.53125
9.30615,-47.8125,-42.1875
9.3062,-47.9375,-42.28125
9.30625,-48.0625,-42.125
9.3063,-47.96875,-42.84375
9.30635,-47.8125,-42.5
9.3064,-47.53125,-42.125
9.30645,-47.8125,-42.3125
9.3065,-48.125,-42.5625
9.30655,-47.9375,-42.8125
9.306600000000001,-47.6875,-42.4375
9.306650000000001,-48.0,-42.1875
9.306700000000001,-48.09375,-42.3125
9.306750000000001,-47.78125,-42.71875
9.3068,-47.3125,-42.75
9.30685,-47.6875,-42.40625
9.3069,-48.15625,-42.1875
9.30695,-48.09375,-42.5
9.307,-47.84375,-42.9375
9.30705,-47.71875,-42.6875
9.3071,-47.96875,-42.3125
9.30715,-47.90625,-42.5625
9.3072,-47.5,-42.9375
9.30725,-47.5,-42.90625
9.3073,-48.0,-42.46875
9.30735,-48.25,-42.5
9.307400000000001,-47.8125,-42.75
9.307450000000001,-47.46875,-42.8125
9.307500000000001,-47.8125,-42.71875
9.30755,-47.90625,-42.5
9.3076,-47.46875,-42.5
9.30765,-47.53125,-42.71875
9.3077,-47.96875,-42.9375
9.30775,-48.0625,-42.71875
9.3078,-47.90625,-42.40625
9.30785,-47.65625,-42.71875
9.3079,-47.6875,-43.0625
9.30795,-47.84375,-42.96875
9.308,-47.625,-42.65625
9.30805,-47.8125,-42.53125
9.3081,-47.78125,-43.03125
9.308150000000001,-48.125,-43.21875
9.308200000000001,-47.90625,-42.84375
9.308250000000001,-47.65625,-42.78125
9.308300000000001,-47.4375,-42.90625
9.30835,-47.84375,-43.1875
9.3084,-47.875,-43.15625
9.30845,-47.6875,-42.84375
9.3085,-47.5625,-42.5625
9.30855,-47.90625,-43.0
9.3086,-48.0625,-43.28125
9.30865,-47.625,-43.0
9.3087,-47.4375,-42.84375
9.30875,-47.4375,-42.6875
9.3088,-47.65625,-43.09375
9.30885,-47.78125,-43.28125
9.308900000000001,-47.78125,-42.9375
9.308950000000001,-47.75,-42.8125
9.309000000000001,-47.8125,-43.09375
9.309050000000001,-47.78125,-43.28125
9.3091,-47.4375,-43.25
9.30915,-47.40625,-42.8125
9.3092,-47.875,-43.03125
9.30925,-47.96875,-43.1875
9.3093,-47.6875,-43.28125
9.30935,-47.40625,-43.1875
9.3094,-47.84375,-42.96875
9.30945,-47.65625,-42.96875
9.3095,-47.4375,-43.4375
9.30955,-47.21875,-43.21875
9.3096,-47.78125,-43.0625
9.309650000000001,-47.96875,-43.0
9.309700000000001,-48.0625,-43.25
9.309750000000001,-47.53125,-43.375
9.309800000000001,-47.53125,-43.1875
9.30985,-47.84375,-42.9375
9.3099,-47.6875,-43.09375
9.30995,-47.25,-43.25
9.31,-47.5625,-43.125
9.31005,-47.90625,-43.0625
9.3101,-47.9375,-43.03125
9.31015,-47.5,-43.125
9.3102,-47.34375,-43.375
9.31025,-47.75,-43.0625
9.3103,-47.71875,-42.96875
9.31035,-47.375,-42.9375
9.3104,-47.4375,-43.28125
9.310450000000001,-47.875,-43.25
9.310500000000001,-47.96875,-43.125
9.310550000000001,-47.75,-42.90625
9.3106,-47.375,-43.25
9.31065,-47.59375,-43.40625
9.3107,-47.75,-43.09375
9.31075,-47.625,-42.90625
9.3108,-47.53125,-43.15625
9.31085,-47.75,-43.25
9.3109,-47.96875,-43.25
9.31095,-47.75,-43.03125
9.311,-47.4375,-42.9375
9.31105,-47.46875,-43.34375
9.3111,-47.625,-43.25
9.31115,-47.71875,-43.3125
9.311200000000001,-47.5625,-43.0
9.311250000000001,-47.53125,-43.0
9.311300000000001,-47.71875,-43.1875
9.311350000000001,-47.75,-43.46875
9.3114,-47.625,-43.1875
9.31145,-47.25,-42.96875
9.3115,-47.40625,-43.28125
9.31155,-47.84375,-43.3125
9.3116,-47.8125,-43.3125
9.31165,-47.46875,-43.09375
9.3117,-47.46875,-43.1875
9.31175,-47.78125,-43.53125
9.3118,-47.5,-43.25
9.31185,-47.03125,-43.28125
9.3119,-47.3125,-43.4375
9.311950000000001,-47.8125,-43.15625
9.312000000000001,-47.71875,-43.5
9.312050000000001,-47.40625,-43.375
9.312100000000001,-47.25,-43.625
9.31215,-47.59375,-43.375
9.3122,-47.71875,-43.5625
9.31225,-47.21875,-43.5625
9.3123,-47.0625,-43.53125
9.31235,-47.625,-43.59375
9.3124,-47.8125,-43.5625
9.31245,-47.59375,-43.5625
9.3125,-47.21875,-43.5625
9.31255,-47.40625,-43.5625
9.3126,-47.59375,-43.6875
9.31265,-47.28125,-43.46875
9.312700000000001,-47.21875,-43.5
9.312750000000001,-47.46875,-43.5625
9.312800000000001,-47.75,-43.78125
9.312850000000001,-47.40625,-43.75
9.3129,-47.25,-43.78125
9.31295,-47.25,-43.5
9.313,-47.5625,-43.75
9.31305,-47.40625,-43.625
9.3131,-47.34375,-43.65625
9.31315,-47.125,-43.78125
9.3132,-47.71875,-43.6875
9.31325,-47.625,-43.6875
9.3133,-47.375,-43.6875
9.31335,-46.9375,-43.5625
9.3134,-47.28125,-43.78125
9.31345,-47.53125,-43.71875
9.313500000000001,-47.4375,-43.78125
9.313550000000001,-47.21875,-43.84375
9.313600000000001,-47.53125,-43.90625
9.31365,-47.625,-43.78125
9.3137,-47.25,-43.59375
9.31375,-47.0625,-43.65625
9.3138,-47.125,-43.78125
9.31385,-47.40625,-43.90625
9.3139,-47.625,-43.78125
9.31395,-47.3125,-43.53125
9.314,-47.28125,-43.6875
9.31405,-47.375,-43.75
9.3141,-47.46875,-43.71875
9.31415,-47.25,-43.46875
9.3142,-46.9375,-43.5625
9.314250000000001,-47.375,-43.65625
9.314300000000001,-47.65625,-43.625
9.314350000000001,-47.40625,-43.40625
9.314400000000001,-47.15625,-43.46875
9.31445,-47.28125,-43.21875
9.3145,-47.46875,-43.59375
9.31455,-47.15625,-43.6875
9.3146,-46.9375,-43.25
9.31465,-47.125,-43.40625
9.3147,-47.4375,-43.375
9.31475,-47.53125,-43.65625
9.3148,-47.03125,-43.53125
9.31485,-46.90625,-43.34375
9.3149,-47.34375,-43.25
9.31495,-47.3125,-43.375
9.315000000000001,-46.9375,-43.34375
9.315050000000001,-46.8125,-43.375
9.315100000000001,-47.40625,-43.40625
9.315150000000001,-47.65625,-43.21875
9.3152,-47.15625,-43.4375
9.31525,-46.90625,-43.46875
9.3153,-47.21875,-43.46875
9.31535,-47.21875,-43.25
9.3154,-47.03125,-43.34375
9.31545,-46.96875,-43.40625
9.3155,-47.40625,-43.3125
9.31555,-47.4375,-43.125
9.3156,-47.0625,-43.25
9.31565,-46.84375,-43.53125
9.3157,-46.8125,-43.375
9.315750000000001,-47.21875,-43.1875
9.315800000000001,-47.25,-43.15625
9.315850000000001,-47.03125,-43.53125
9.315900000000001,-46.9375,-43.5
9.31595,-47.25,-43.375
9.316,-47.125,-43.34375
9.31605,-46.9375,-43.3125
9.3161,-46.65625,-43.375
9.31615,-47.03125,-43.5625
9.3162,-47.0625,-43.46875
9.31625,-47.25,-43.25
9.3163,-47.0625,-43.46875
9.31635,-47.0625,-43.5
9.3164,-47.21875,-43.46875
9.31645,-46.96875,-43.25
9.3165,-46.59375,-43.40625
9.316550000000001,-46.71875,-43.625
9.316600000000001,-47.125,-43.59375
9.316650000000001,-47.21875,-43.21875
9.3167,-47.03125,-43.34375
9.31675,-46.84375,-43.46875
9.3168,-47.09375,-43.53125
9.31685,-46.96875,-43.59375
9.3169,-46.71875,-43.5625
9.31695,-46.5625,-43.4375
9.317,-47.21875,-43.5625
9.31705,-47.25,-43.75
9.3171,-47.03125,-43.6875
9.31715,-46.75,-43.34375
9.3172,-46.875,-43.5625
9.31725,-47.0625,-43.6875
9.317300000000001,-46.78125,-43.59375
9.317350000000001,-46.625,-43.46875
9.317400000000001,-47.03125,-43.46875
9.317450000000001,-47.25,-43.4375
9.3175,-47.125,-43.78125
9.31755,-46.65625,-43.5625
9.3176,-46.59375,-43.59375
9.31765,-46.96875,-43.625
9.3177,-46.84375,-43.65625
9.31775,-46.78125,-43.75
9.3178,-46.8125,-43.59375
9.31785,-47.34375,-43.71875
9.3179,-47.25,-43.59375
9.31795,-46.84375,-43.9375
9.318,-46.65625,-43.84375
9.318050000000001,-46.78125,-43.5625
9.318100000000001,-46.875,-43.75
9.318150000000001,-46.90625,-43.8125
9.318200000000001,-46.75,-43.875
9.31825,-47.0625,-43.71875
9.3183,-47.28125,-43.78125
9.31835,-46.9375,-43.875
9.3184,-46.65625,-44.03125
9.31845,-46.6875,-44.0
9.3185,-47.0,-43.875
9.31855,-47.09375,-43.78125
9.3186,-46.78125,-43.84375
9.31865,-46.9375,-44.15625
9.3187,-47.21875,-43.9375
9.31875,-46.84375,-43.6875
9.318800000000001,-46.625,-43.8125
9.318850000000001,-46.4375,-44.0
9.318900000000001,-46.75,-44.03125
9.318950000000001,-47.09375,-43.875
9.319,-46.9375,-43.84375
9.31905,-46.78125,-44.125
9.3191,-46.8125,-43.96875
9.31915,-47.0625,-43.9375
9.3192,-46.875,-43.90625
9.31925,-46.375,-44.0
9.3193,-46.65625,-44.0625
9.31935,-47.34375,-44.1875
9.3194,-47.21875,-44.03125
9.31945,-46.71875,-43.875
9.3195,-46.875,-44.0
9.319550000000001,-47.0625,-44.0
9.319600000000001,-46.8125,-44.03125
9.319650000000001,-46.4375,-43.8125
9.319700000000001,-46.6875,-43.78125
9.31975,-47.15625,-44.09375
9.3198,-47.15625,-44.125
9.31985,-46.90625,-44.0625
9.3199,-46.59375,-44.0
9.31995,-46.78125,-44.25
9.32,-46.78125,-44.25
9.32005,-46.53125,-44.3125
9.3201,-46.40625,-44.0625
9.32015,-46.90625,-44.25
9.3202,-47.1875,-44.21875
9.32025,-46.875,-44.5
9.3203,-46.4375,-44.125
9.320350000000001,-46.6875,-44.125
9.320400000000001,-46.8125,-44.15625
9.320450000000001,-46.5625,-44.34375
9.320500000000001,-46.4375,-44.5625
9.32055,-46.875,-44.1875
9.3206,-47.03125,-44.25
9.32065,-46.84375,-44.34375
9.3207,-46.6875,-44.53125
9.32075,-46.5,-44.25
9.3208,-46.6875,-44.15625
9.32085,-46.78125,-44.3125
9.3209,-46.90625,-44.4375
9.32095,-46.59375,-44.4375
9.321,-46.875,-44.3125
9.32105,-46.9375,-44.1875
9.321100000000001,-46.78125,-44.34375
9.321150000000001,-46.40625,-44.6875
9.321200000000001,-46.59375,-44.5625
9.321250000000001,-46.96875,-44.25
9.3213,-47.03125,-44.15625
9.32135,-46.6875,-44.65625
9.3214,-46.71875,-44.71875
9.32145,-46.96875,-44.1875
9.3215,-46.875,-44.28125
9.32155,-46.65625,-44.46875
9.3216,-46.40625,-44.59375
9.32165,-47.0,-44.46875
9.3217,-47.09375,-44.21875
9.32175,-46.9375,-44.375
9.3218,-46.5625,-44.375
9.321850000000001,-47.0625,-44.625
9.321900000000001,-47.03125,-44.1875
9.321950000000001,-46.65625,-44.25
9.322000000000001,-46.4375,-44.125
9.32205,-47.0,-44.5625
9.3221,-47.25,-44.78125
9.32215,-47.09375,-44.125
9.3222,-46.71875,-44.15625
9.32225,-46.84375,-44.40625
9.3223,-46.90625,-44.78125
9.32235,-46.75,-44.3125
9.3224,-46.59375,-44.03125
9.32245,-46.71875,-44.40625
9.3225,-47.09375,-44.5625
9.32255,-47.0,-44.5
9.322600000000001,-46.71875,-44.375
9.322650000000001,-46.53125,-44.09375
9.322700000000001,-46.96875,-44.375
9.322750000000001,-46.78125,-44.78125
9.3228,-46.71875,-44.40625
9.32285,-46.65625,-44.40625
9.3229,-47.15625,-44.28125
9.32295,-47.25,-44.5625
9.323,-47.0,-44.84375
9.32305,-46.5625,-44.4375
9.3231,-46.90625,-44.25
9.32315,-46.9375,-44.40625
9.3232,-46.9375,-44.78125
9.32325,-46.75,-44.65625
9.3233,-46.84375,-44.40625
9.32335,-47.0,-44.46875
9.323400000000001,-46.8125,-44.53125
9.323450000000001,-46.5625,-44.8125
9.323500000000001,-46.40625,-44.40625
9.323550000000001,-46.625,-44.375
9.3236,-46.90625,-44.65625
9.32365,-46.65625,-44.65625
9.3237,-46.59375,-44.78125
9.32375,-46.84375,-44.53125
9.3238,-46.75,-44.40625
9.32385,-46.5,-44.65625
9.3239,-46.21875,-44.75
9.32395,-46.375,-44.625
9.324,-46.78125,-44.28125
9.32405,-46.65625,-44.53125
9.3241,-46.5,-44.84375
9.324150000000001,-46.375,-44.8125
9.324200000000001,-46.625,-44.59375
9.324250000000001,-46.53125,-44.5
9.324300000000001,-46.125,-44.71875
9.32435,-46.1875,-44.75
9.3244,-46.8125,-44.875
9.32445,-46.8125,-44.625
9.3245,-46.3125,-44.46875
9.32455,-46.0625,-44.90625
9.3246,-46.5625,-45.0625
9.32465,-46.40625,-44.625
9.3247,-46.1875,-44.40625
9.32475,-46.03125,-44.78125
9.3248,-46.59375,-45.03125
9.32485,-46.71875,-44.90625
9.324900000000001,-46.5625,-44.65625
9.324950000000001,-46.25,-44.5
9.325000000000001,-46.3125,-45.0
9.325050000000001,-46.5,-44.90625
9.3251,-46.21875,-44.71875
9.32515,-46.03125,-44.53125
9.3252,-46.21875,-44.65625
9.32525,-46.5,-45.0
9.3253,-46.28125,-44.96875
9.32535,-45.9375,-44.59375
9.3254,-46.0,-44.65625
9.32545,-46.34375,-44.8125
9.3255,-46.0625,-45.21875
9.32555,-46.03125,-44.78125
9.3256,-46.03125,-44.4375
9.325650000000001,-46.34375,-44.6875
9.325700000000001,-46.21875,-45.0
9.325750000000001,-46.03125,-45.28125
9.325800000000001,-45.625,-44.84375
9.32585,-45.8125,-44.6875
9.3259,-45.9375,-44.9375
9.32595,-46.0,-45.15625
9.326,-45.65625,-45.09375
9.32605,-45.84375,-44.78125
9.3261,-45.96875,-44.59375
9.32615,-45.90625,-44.9375
9.3262,-45.375,-45.34375
9.32625,-45.4375,-44.875
9.3263,-45.90625,-44.65625
9.32635,-45.84375,-44.875
9.3264,-45.5625,-45.25
9.326450000000001,-45.40625,-45.0
9.326500000000001,-45.78125,-44.90625
9.326550000000001,-45.59375,-44.78125
9.326600000000001,-45.5,-45.15625
9.32665,-45.09375,-45.25
9.3267,-45.65625,-45.125
9.32675,-45.8125,-44.90625
9.3268,-45.75,-44.9375
9.32685,-45.40625,-45.21875
9.3269,-45.53125,-45.34375
9.32695,-45.78125,-44.875
9.327,-45.4375,-44.90625
9.32705,-45.09375,-44.84375
9.3271,-45.53125,-45.4375
9.32715,-45.90625,-45.21875
9.327200000000001,-45.75,-44.6875
9.327250000000001,-45.34375,-44.6875
9.327300000000001,-45.28125,-45.09375
9.327350000000001,-45.59375,-45.1875
9.3274,-45.53125,-44.84375
9.32745,-45.21875,-44.625
9.3275,-45.1875,-45.03125
9.32755,-45.625,-45.0
9.3276,-45.8125,-45.0
9.32765,-45.53125,-44.8125
9.3277,-45.125,-44.625
9.32775,-45.4375,-44.78125
9.3278,-45.46875,-45.34375
9.32785,-45.34375,-45.125
9.3279,-45.28125,-44.4375
9.327950000000001,-45.6875,-44.78125
9.328000000000001,-45.8125,-45.21875
9.328050000000001,-45.46875,-45.28125
9.328100000000001,-45.1875,-44.84375
9.32815,-45.21875,-44.78125
9.3282,-45.34375,-45.1875
9.32825,-45.3125,-45.125
9.3283,-45.28125,-44.96875
9.32835,-45.3125,-44.6875
9.3284,-45.46875,-44.875
9.32845,-45.25,-45.03125
9.3285,-45.25,-45.1875
9.32855,-44.8125,-45.125
9.3286,-44.96875,-44.59375
9.32865,-45.375,-45.0
9.328700000000001,-45.25,-45.375
9.328750000000001,-44.875,-45.125
9.328800000000001,-45.0625,-44.8125
9.328850000000001,-45.09375,-44.90625
9.3289,-44.96875,-45.21875
9.32895,-44.71875,-45.28125
9.329,-44.875,-44.9375
9.32905,-45.34375,-44.9375
9.3291,-45.3125,-45.09375
9.32915,-45.0,-45.21875
9.3292,-44.90625,-45.1875
9.32925,-45.15625,-45.03125
9.3293,-45.125,-45.0
9.32935,-44.71875,-45.0625
9.3294,-44.46875,-45.25
9.32945,-45.28125,-45.21875
9.329500000000001,-45.375,-45.0
9.329550000000001,-45.09375,-45.28125
9.329600000000001,-44.625,-45.46875
9.32965,-45.125,-45.40625
9.3297,-45.09375,-45.21875
9.32975,-44.8125,-45.15625
9.3298,-44.65625,-45.4375
9.32985,-45.0625,-45.6875
9.3299,-45.125,-45.0625
9.32995,-44.90625,-45.25
9.33,-44.6875,-45.3125
9.33005,-44.71875,-45.46875
9.3301,-44.84375,-45.59375
9.33015,-44.78125,-45.34375
9.3302,-44.71875,-45.1875
9.330250000000001,-44.6875,-45.25
9.330300000000001,-44.96875,-45.5
9.330350000000001,-45.0,-45.46875
9.330400000000001,-44.59375,-45.28125
9.33045,-44.25,-45.15625
9.3305,-44.6875,-45.53125
9.33055,-44.65625,-45.5
9.3306,-44.6875,-45.25
9.33065,-44.4375,-45.25
9.3307,-44.875,-45.5
9.33075,-44.84375,-45.65625
9.3308,-44.65625,-45.375
9.33085,-44.375,-45.40625
9.3309,-44.4375,-45.125
9.33095,-44.78125,-45.5625
9.331000000000001,-44.90625,-45.65625
9.331050000000001,-44.5625,-45.34375
9.331100000000001,-44.46875,-45.15625
9.331150000000001,-44.75,-45.4375
9.3312,-44.71875,-45.65625
9.33125,-44.34375,-45.5
9.3313,-44.1875,-45.375
9.33135,-44.84375,-45.34375
9.3314,-44.8125,-45.40625
9.33145,-44.59375,-45.78125
9.3315,-44.25,-45.5625
9.33155,-44.5,-45.40625
9.3316,-44.5,-45.46875
9.33165,-44.25,-45.6875
9.3317,-44.15625,-45.78125
9.331750000000001,-44.46875,-45.65625
9.331800000000001,-44.78125,-45.59375
9.331850000000001,-44.78125,-45.5625
9.331900000000001,-44.21875,-45.84375
9.33195,-44.09375,-45.5625
9.332,-44.5,-45.46875
9.33205,-44.40625,-45.5625
9.3321,-43.9375,-45.53125
9.33215,-44.15625,-45.65625
9.3322,-44.71875,-45.71875
9.33225,-44.625,-45.6875
9.3323,-44.15625,-45.5
9.33235,-43.90625,-45.75
9.3324,-44.40625,-45.59375
9.33245,-44.125,-45.65625
9.3325,-43.9375,-45.78125
9.332550000000001,-44.15625,-45.53125
9.332600000000001,-44.40625,-45.59375
9.332650000000001,-44.59375,-45.53125
9.3327,-44.40625,-45.78125
9.33275,-43.8125,-45.53125
9.3328,-43.96875,-45.65625
9.33285,-44.25,-45.75
9.3329,-43.9375,-45.78125
9.33295,-43.96875,-45.375
9.333,-44.09375,-45.78125
9.33305,-44.40625,-45.71875
9.3331,-44.1875,-45.65625
9.33315,-43.875,-45.65625
9.3332,-43.71875,-45.78125
9.33325,-44.0,-45.75
9.333300000000001,-44.21875,-45.75
9.333350000000001,-44.125,-45.8125
9.333400000000001,-43.96875,-45.6875
9.333450000000001,-44.03125,-45.75
9.3335,-44.125,-45.75
9.33355,-44.0,-45.84375
9.3336,-43.6875,-45.6875
9.33365,-43.75,-45.78125
9.3337,-44.25,-45.875
9.33375,-44.21875,-46.0
9.3338,-43.875,-45.71875
9.33385,-44.03125,-45.625
9.3339,-44.09375,-45.8125
9.33395,-43.875,-46.03125
9.334,-43.625,-45.59375
9.334050000000001,-43.46875,-45.6875
9.334100000000001,-44.0625,-45.78125
9.334150000000001,-44.09375,-45.84375
9.334200000000001,-43.8125,-45.875
9.33425,-43.53125,-45.84375
9.3343,-43.78125,-45.78125
9.33435,-43.78125,-45.9375
9.3344,-43.59375,-45.96875
9.33445,-43.1875,-45.90625
9.3345,-43.78125,-45.96875
9.33455,-44.0,-45.65625
9.3346,-43.78125,-45.96875
9.33465,-43.375,-46.125
9.3347,-43.53125,-45.9375
9.33475,-43.78125,-45.84375
9.334800000000001,-43.5,-45.90625
9.334850000000001,-43.40625,-46.125
9.334900000000001,-43.75,-46.03125
9.334950000000001,-43.90625,-45.96875
9.335,-43.71875,-46.03125
9.33505,-43.5625,-46.03125
9.3351,-43.21875,-45.875
9.33515,-43.40625,-46.03125
9.3352,-43.59375,-45.9375
9.33525,-43.5625,-45.9375
9.3353,-43.3125,-45.96875
9.33535,-43.625,-46.25
9.3354,-43.625,-46.0625
9.33545,-43.40625,-45.875
9.3355,-43.0,-46.0
9.33555,-43.28125,-46.28125
9.335600000000001,-43.53125,-46.15625
9.335650000000001,-43.375,-46.03125
9.335700000000001,-43.28125,-46.0
9.33575,-43.40625,-46.125
9.3358,-43.46875,-46.21875
9.33585,-43.25,-46.09375
9.3359,-43.125,-46.0625
9.33595,-42.9375,-46.28125
9.336,-43.1875,-46.3125
9.33605,-43.46875,-46.1875
9.3361,-43.34375,-46.0625
9.33615,-43.0625,-46.03125
9.3362,-43.28125,-46.21875
9.33625,-43.34375,-46.34375
9.3363,-43.125,-46.15625
9.336350000000001,-42.625,-46.0625
9.336400000000001,-43.125,-46.21875
9.336450000000001,-43.53125,-46.28125
9.336500000000001,-43.25,-46.40625
9.33655,-42.875,-46.15625
9.3366,-43.09375,-46.1875
9.33665,-43.15625,-46.1875
9.3367,-43.0,-46.40625
9.33675,-42.6875,-46.375
9.3368,-42.9375,-46.3125
9.33685,-43.40625,-46.28125
9.3369,-43.53125,-46.25
9.33695,-43.0625,-46.4375
9.337,-42.6875,-46.34375
9.33705,-43.09375,-46.0625
9.337100000000001,-43.125,-46.40625
9.337150000000001,-42.75,-46.1875
9.337200000000001,-42.71875,-46.5
9.337250000000001,-43.15625,-46.125
9.3373,-43.40625,-46.34375
9.33735,-42.90625,-46.4375
9.3374,-42.53125,-46.5625
9.33745,-42.8125,-46.21875
9.3375,-42.84375,-46.21875
9.33755,-42.625,-46.15625
9.3376,-42.625,-46.4375
9.33765,-42.8125,-46.53125
9.3377,-43.03125,-46.4375
9.33775,-42.84375,-46.3125
9.3378,-42.53125,-46.375
9.337850000000001,-42.40625,-46.5625
9.337900000000001,-42.71875,-46.5
9.337950000000001,-42.75,-46.28125
9.338000000000001,-42.5,-46.375
9.33805,-42.375,-46.625
9.3381,-42.6875,-46.53125
9.33815,-42.65625,-46.46875
9.3382,-42.25,-46.375
9.33825,-42.15625,-46.5
9.3383,-42.3125,-46.59375
9.33835,-42.40625,-46.5625
9.3384,-42.5625,-46.5
9.33845,-42.21875,-46.4375
9.3385,-42.21875,-46.53125
9.33855,-42.25,-46.78125
9.3386,-42.34375,-46.78125
9.338650000000001,-41.8125,-46.5
9.338700000000001,-41.84375,-46.6875
9.338750000000001,-42.375,-46.78125
9.3388,-42.46875,-46.78125
9.33885,-42.0625,-46.4375
9.3389,-41.78125,-46.5
9.33895,-42.21875,-46.8125
9.339,-42.21875,-46.9375
9.33905,-41.75,-46.59375
9.3391,-41.5,-46.71875
9.33915,-42.03125,-46.8125
9.3392,-42.21875,-46.84375
9.33925,-42.125,-46.71875
9.3393,-41.71875,-46.75
9.33935,-41.875,-46.59375
9.339400000000001,-41.90625,-46.8125
9.339450000000001,-41.59375,-46.90625
9.339500000000001,-41.53125,-46.84375
9.339550000000001,-41.75,-46.65625
9.3396,-42.125,-46.6875
9.33965,-41.90625,-46.96875
9.3397,-41.4375,-47.03125
9.33975,-41.34375,-46.5625
9.3398,-41.625,-46.84375
9.33985,-41.625,-46.71875
9.3399,-41.375,-47.0
9.33995,-41.40625,-47.0
9.34,-41.8125,-46.8125
9.34005,-41.78125,-46.84375
9.3401,-41.5625,-47.03125
9.340150000000001,-41.3125,-47.125
9.340200000000001,-41.4375,-46.9375
9.340250000000001,-41.625,-46.8125
9.340300000000001,-41.6875,-46.90625
9.34035,-41.5,-47.3125
9.3404,-41.71875,-47.15625
9.34045,-41.8125,-46.84375
9.3405,-41.78125,-46.875
9.34055,-41.25,-47.1875
9.3406,-41.25,-47.25
9.34065,-41.65625,-47.0
9.3407,-41.625,-46.84375
9.34075,-41.46875,-47.09375
9.3408,-41.375,-47.3125
9.34085,-41.65625,-47.25
9.340900000000001,-41.53125,-47.0625
9.340950000000001,-41.25,-47.0
9.341000000000001,-40.9375,-47.09375
9.341050000000001,-41.09375,-47.5
9.3411,-41.34375,-47.40625
9.34115,-41.28125,-46.96875
9.3412,-41.09375,-47.15625
9.34125,-41.09375,-47.625
9.3413,-41.34375,-47.5
9.34135,-41.09375,-47.125
9.3414,-40.6875,-47.25
9.34145,-40.96875,-47.5
9.3415,-41.5,-47.5
9.34155,-41.40625,-47.3125
9.3416,-41.0,-47.25
9.34165,-40.65625,-47.28125
9.341700000000001,-41.15625,-47.40625
9.341750000000001,-41.0,-47.4375
9.341800000000001,-40.78125,-47.25
9.34185,-40.625,-47.21875
9.3419,-41.0625,-47.34375
9.34195,-41.1875,-47.65625
9.342,-40.75,-47.53125
9.34205,-40.375,-47.09375
9.3421,-40.59375,-47.25
9.34215,-40.78125,-47.5
9.3422,-40.46875,-47.53125
9.34225,-40.15625,-47.28125
9.3423,-40.625,-47.3125
9.34235,-40.8125,-47.5
9.3424,-40.21875,-47.59375
9.342450000000001,-39.78125,-47.59375
9.342500000000001,-39.78125,-47.375
9.342550000000001,-39.75,-47.3125
9.342600000000001,-39.4375,-47.6875
9.34265,-38.875,-47.5
9.3427,-35.09375,-47.5625
9.34275,-23.09375,-47.34375
9.3428,1.09375,-47.28125
9.34285,24.65625,-47.84375
9.3429,35.4375,-47.625
9.34295,38.5,-47.4375
9.343,37.375,-47.3125
9.34305,33.875,-47.53125
9.3431,29.3125,-47.78125
9.34315,23.21875,-47.53125
9.343200000000001,16.4375,-47.3125
9.343250000000001,9.875,-47.40625
9.343300000000001,3.03125,-47.53125
9.343350000000001,-4.125,-47.6875
9.3434,-11.4375,-47.3125
9.34345,-17.9375,-47.34375
9.3435,-23.71875,-47.46875
9.34355,-28.40625,-47.78125
9.3436,-32.53125,-47.59375
9.34365,-35.40625,-47.25
9.3437,-37.28125,-47.375
9.34375,-38.53125,-47.59375
9.3438,-40.28125,-47.8125
9.34385,-41.375,-47.46875
9.3439,-41.78125,-47.34375
9.343950000000001,-41.84375,-47.5625
9.344000000000001,-42.4375,-47.78125
9.344050000000001,-42.84375,-47.625
9.344100000000001,-42.59375,-47.5625
9.34415,-42.46875,-47.5625
9.3442,-42.90625,-47.78125
9.34425,-43.1875,-47.8125
9.3443,-43.0,-47.375
9.34435,-42.625,-47.40625
9.3444,-42.53125,-47.46875
9.34445,-42.75,-47.9375
9.3445,-42.5625,-47.625
9.34455,-42.25,-47.375
9.3446,-42.21875,-47.46875
9.34465,-42.5,-47.78125
9.3447,-42.5,-47.96875
9.344750000000001,-42.15625,-47.5625
9.344800000000001,-41.65625,-47.4375
9.344850000000001,-41.90625,-47.59375
9.3449,-41.75,-47.75
9.34495,-41.625,-47.875
9.345,-41.4375,-47.46875
9.34505,-41.84375,-47.53125
9.3451,-41.9375,-47.875
9.34515,-41.4375,-47.84375
9.3452,-41.0625,-47.8125
9.34525,-41.15625,-47.375
9.3453,-41.3125,-47.4375
9.34535,-41.34375,-48.03125
9.3454,-41.21875,-47.96875
9.34545,-41.125,-47.5
9.345500000000001,-41.3125,-47.34375
9.345550000000001,-41.15625,-47.625
9.345600000000001,-40.8125,-48.125
9.345650000000001,-40.59375,-47.78125
9.3457,-40.96875,-47.4375
9.34575,-41.15625,-47.59375
9.3458,-40.96875,-47.75
9.34585,-40.6875,-48.125
9.3459,-40.875,-47.625
9.34595,-40.90625,-47.5
9.346,-40.65625,-47.59375
9.34605,-40.34375,-47.90625
9.3461,-40.59375,-47.9375
9.34615,-41.0,-47.59375
9.3462,-41.0,-47.40625
9.346250000000001,-40.71875,-47.78125
9.346300000000001,-40.625,-48.125
9.346350000000001,-40.75,-47.65625
9.346400000000001,-40.78125,-47.46875
9.34645,-40.34375,-47.65625
9.3465,-40.3125,-48.03125
9.34655,-40.875,-47.90625
9.3466,-40.96875,-47.71875
9.34665,-40.65625,-47.53125
9.3467,-40.40625,-47.71875
9.34675,-40.59375,-48.0625
9.3468,-40.65625,-47.8125
9.34685,-40.375,-47.625
9.3469,-40.3125,-47.59375
9.34695,-40.90625,-48.0
9.347000000000001,-41.0,-48.21875
9.347050000000001,-40.78125,-47.84375
9.347100000000001,-40.34375,-47.375
9.347150000000001,-40.34375,-47.65625
9.3472,-40.65625,-48.15625
9.34725,-40.40625,-47.875
9.3473,-40.40625,-47.5625
9.34735,-40.375,-47.65625
9.3474,-41.0,-47.8125
9.34745,-40.78125,-47.96875
9.3475,-40.40625,-47.90625
9.34755,-40.3125,-47.53125
9.3476,-40.78125,-47.59375
9.34765,-40.59375,-47.875
9.3477,-40.75,-48.09375
9.347750000000001,-40.625,-47.5625
9.347800000000001,-40.78125,-47.59375
9.347850000000001,-40.71875,-47.71875
9.347900000000001,-40.53125,-47.90625
9.34795,-40.21875,-47.84375
9.348,-40.34375,-47.4375
9.34805,-40.625,-47.53125
9.3481,-40.84375,-47.90625
9.34815,-40.5,-47.875
9.3482,-40.59375,-47.625
9.34825,-40.78125,-47.46875
9.3483,-40.625,-47.625
9.34835,-40.125,-48.0
9.3484,-40.09375,-47.75
9.34845,-40.65625,-47.53125
9.3485,-40.78125,-47.3125
9.348550000000001,-40.59375,-47.5
9.348600000000001,-40.40625,-47.875
9.348650000000001,-40.65625,-47.53125
9.348700000000001,-40.59375,-47.34375
9.34875,-40.375,-47.625
9.3488,-39.9375,-47.84375
9.34885,-40.375,-47.71875
9.3489,-40.90625,-47.59375
9.34895,-40.84375,-47.5
9.349,-40.28125,-47.5625
9.34905,-40.46875,-47.84375
9.3491,-40.71875,-47.75
9.34915,-40.46875,-47.65625
9.3492,-40.28125,-47.5
9.34925,-40.4375,-47.71875
9.349300000000001,-40.8125,-47.6875
9.349350000000001,-40.8125,-47.5625
9.349400000000001,-40.53125,-47.375
9.349450000000001,-40.375,-47.59375
9.3495,-40.53125,-47.90625
9.34955,-40.34375,-47.78125
9.3496,-40.28125,-47.5
9.34965,-40.25,-47.59375
9.3497,-40.5625,-47.84375
9.34975,-40.875,-47.78125
9.3498,-40.625,-47.59375
9.34985,-40.0,-47.59375
9.3499,-40.28125,-47.875
9.34995,-40.46875,-48.03125
9.35,-40.40625,-47.59375
9.350050000000001,-40.34375,-47.59375
9.350100000000001,-40.5,-47.75
9.350150000000001,-40.65625,-47.625
9.350200000000001,-40.40625,-47.90625
9.35025,-40.1875,-47.65625
9.3503,-40.21875,-47.46875
9.35035,-40.25,-47.65625
9.3504,-40.40625,-47.78125
9.35045,-40.40625,-47.78125
9.3505,-40.34375,-47.40625
9.35055,-40.53125,-47.625
9.3506,-40.5625,-47.78125
9.35065,-40.46875,-47.78125
9.3507,-40.15625,-47.65625
9.35075,-40.40625,-47.59375
9.350800000000001,-40.84375,-47.75
9.350850000000001,-40.78125,-47.75
9.350900000000001,-40.4375,-47.78125
9.350950000000001,-40.40625,-47.625
9.351,-40.53125,-47.5625
9.35105,-40.40625,-47.6875
9.3511,-40.3125,-47.90625
9.35115,-40.0625,-47.9375
9.3512,-40.625,-47.625
9.35125,-40.65625,-47.59375
9.3513,-40.34375,-47.96875
9.35135,-40.09375,-47.78125
9.3514,-40.40625,-47.59375
9.35145,-40.28125,-47.6875
9.3515,-40.125,-47.8125
9.35155,-39.96875,-47.96875
9.351600000000001,-40.71875,-47.59375
9.351650000000001,-40.875,-47.6875
9.351700000000001,-40.59375,-47.6875
9.351750000000001,-40.21875,-47.8125
9.3518,-40.4375,-47.78125
9.35185,-40.59375,-47.84375
9.3519,-40.375,-47.9375
9.35195,-40.1875,-47.71875
9.352,-40.375,-47.78125
9.35205,-40.625,-47.8125
9.3521,-40.375,-47.5625
9.35215,-40.15625,-47.78125
9.3522,-40.0,-47.875
9.35225,-40.25,-47.96875
9.3523,-40.21875,-47.65625
9.352350000000001,-40.15625,-47.625
9.352400000000001,-40.03125,-47.84375
9.352450000000001,-40.59375,-47.875
9.352500000000001,-40.59375,-47.78125
9.35255,-40.21875,-47.84375
9.3526,-39.875,-47.8125
9.35265,-40.1875,-47.8125
9.3527,-40.1875,-47.6875
9.35275,-40.25,-47.90625
9.3528,-40.21875,-47.90625
9.35285,-40.40625,-47.8125
9.3529,-40.4375,-47.59375
9.35295,-40.34375,-47.9375
9.353,-40.0,-47.90625
9.35305,-39.84375,-47.8125
9.353100000000001,-40.25,-47.875
9.353150000000001,-40.53125,-47.8125
9.353200000000001,-40.34375,-47.8125
9.353250000000001,-40.0,-47.84375
9.3533,-40.375,-47.96875
9.35335,-40.46875,-47.9375
9.3534,-40.0625,-47.96875
9.35345,-39.78125,-48.03125
9.3535,-40.15625,-47.625
9.35355,-40.40625,-47.71875
9.3536,-40.25,-47.9375
9.35365,-39.875,-47.8125
9.3537,-40.28125,-47.78125
9.35375,-40.125,-47.65625
9.3538,-40.125,-48.03125
9.353850000000001,-39.8125,-47.875
9.353900000000001,-40.0,-47.6875
9.353950000000001,-40.46875,-47.8125
9.354000000000001,-40.3125,-47.84375
9.35405,-39.8125,-47.875
9.3541,-39.6875,-48.0
9.35415,-40.15625,-47.9375
9.3542,-40.125,-47.84375
9.35425,-39.8125,-47.875
9.3543,-39.6875,-48.09375
9.35435,-40.34375,-48.03125
9.3544,-40.21875,-47.9375
9.35445,-39.90625,-48.125
9.3545,-39.6875,-48.09375
9.35455,-39.96875,-48.15625
9.3546,-40.0,-48.125
9.354650000000001,-39.84375,-47.875
9.354700000000001,-39.78125,-48.09375
9.354750000000001,-39.9375,-48.3125
9.354800000000001,-40.21875,-48.15625
9.35485,-40.0,-48.09375
9.3549,-39.5,-48.21875
9.35495,-39.5625,-48.46875
9.355,-39.875,-48.34375
9.35505,-39.9375,-48.28125
9.3551,-39.8125,-48.34375
9.35515,-39.625,-48.21875
9.3552,-40.0625,-48.4375
9.35525,-39.84375,-48.375
9.3553,-39.71875,-48.21875
9.35535,-39.46875,-48.1875
9.355400000000001,-39.71875,-48.21875
9.355450000000001,-39.84375,-48.5625
9.355500000000001,-39.90625,-48.3125
9.355550000000001,-39.59375,-48.21875
9.3556,-39.59375,-48.40625
9.35565,-39.59375,-48.40625
9.3557,-39.5,-48.40625
9.35575,-39.125,-48.34375
9.3558,-39.34375,-48.3125
9.35585,-39.78125,-48.46875
9.3559,-39.78125,-48.4375
9.35595,-39.3125,-48.5625
9.356,-39.21875,-48.28125
9.35605,-39.34375,-48.5
9.3561,-39.3125,-48.5625
9.356150000000001,-39.09375,-48.8125
9.356200000000001,-38.8125,-48.46875
9.356250000000001,-39.28125,-48.4375
9.356300000000001,-39.4375,-48.5625
9.35635,-39.1875,-48.75
9.3564,-38.96875,-48.59375
9.35645,-39.09375,-48.40625
9.3565,-39.21875,-48.53125
9.35655,-38.9375,-48.65625
9.3566,-38.5,-48.65625
9.35665,-39.0,-48.65625
9.3567,-39.21875,-48.59375
9.35675,-38.71875,-48.5
9.3568,-38.21875,-48.75
9.35685,-38.25,-48.6875
9.356900000000001,-38.5,-48.65625
9.356950000000001,-38.1875,-48.5625
9.357000000000001,-37.9375,-48.75
9.357050000000001,-37.6875,-48.90625
9.3571,-36.90625,-48.78125
9.35715,-29.6875,-48.71875
9.3572,-15.843751,-48.5
9.35725,9.3125,-48.84375
9.3573,27.03125,-48.78125
9.35735,34.96875,-48.75
9.3574,37.15625,-48.6875
9.35745,36.28125,-48.84375
9.3575,33.125,-48.90625
9.35755,28.65625,-48.71875
9.3576,23.9375,-48.75
9.35765,18.53125,-48.65625
9.357700000000001,12.5625,-48.8125
9.357750000000001,6.15625,-48.84375
9.357800000000001,-0.15625,-48.6875
9.357850000000001,-6.09375,-48.65625
9.3579,-12.03125,-48.625
9.35795,-17.8125,-49.03125
9.358,-22.875,-48.78125
9.35805,-26.96875,-48.875
9.3581,-30.09375,-48.71875
9.35815,-33.0,-48.84375
9.3582,-35.46875,-48.90625
9.35825,-36.90625,-48.8125
9.3583,-37.5,-48.84375
9.35835,-38.65625,-48.90625
9.3584,-39.40625,-48.90625
9.358450000000001,-39.59375,-48.875
9.358500000000001,-39.625,-48.78125
9.358550000000001,-40.25,-48.71875
9.358600000000001,-40.9375,-48.96875
9.35865,-40.78125,-49.03125
9.3587,-40.53125,-48.875
9.35875,-40.65625,-48.84375
9.3588,-40.96875,-49.0
9.35885,-40.71875,-49.125
9.3589,-40.40625,-49.03125
9.35895,-40.21875,-48.90625
9.359,-40.75,-48.90625
9.35905,-40.78125,-49.09375
9.3591,-40.4375,-49.125
9.35915,-40.0,-49.09375
9.359200000000001,-40.3125,-49.03125
9.359250000000001,-40.40625,-48.9375
9.359300000000001,-39.9375,-49.125
9.359350000000001,-39.84375,-48.9375
9.3594,-40.03125,-48.96875
9.35945,-40.1875,-48.84375
9.3595,-39.78125,-49.0
9.35955,-39.46875,-49.28125
9.3596,-39.625,-49.09375
9.35965,-39.65625,-48.84375
9.3597,-39.5,-49.0
9.35975,-39.53125,-49.25
9.3598,-39.40625,-49.1875
9.35985,-39.78125,-49.0625
9.3599,-39.5625,-49.0
9.359950000000001,-39.25,-49.09375
9.360000000000001,-38.96875,-49.25
9.360050000000001,-39.3125,-49.1875
9.360100000000001,-39.46875,-49.0
9.36015,-39.34375,-49.09375
9.3602,-39.25,-49.125
9.36025,-39.5625,-49.21875
9.3603,-39.375,-49.09375
9.36035,-39.15625,-48.96875
9.3604,-38.9375,-49.0625
9.36045,-39.09375,-49.375
9.3605,-39.5,-49.21875
9.36055,-39.5625,-49.125
9.3606,-39.34375,-49.21875
9.36065,-39.25,-49.25
9.3607,-39.28125,-49.46875
9.360750000000001,-39.21875,-49.125
9.360800000000001,-39.03125,-49.0625
9.360850000000001,-38.8125,-49.09375
9.3609,-39.4375,-49.34375
9.36095,-39.65625,-49.59375
9.361,-39.40625,-49.28125
9.36105,-39.15625,-48.9375
9.3611,-39.4375,-49.5
9.36115,-39.59375,-49.53125
9.3612,-39.1875,-49.28125
9.36125,-39.0625,-49.03125
9.3613,-39.625,-49.21875
9.36135,-39.90625,-49.5
9.3614,-39.65625,-49.71875
9.36145,-39.1875,-49.15625
9.361500000000001,-39.21875,-49.125
9.361550000000001,-39.53125,-49.40625
9.361600000000001,-39.4375,-49.5625
9.361650000000001,-39.1875,-49.34375
9.3617,-39.40625,-49.21875
9.36175,-39.875,-49.28125
9.3618,-40.0,-49.46875
9.36185,-39.53125,-49.59375
9.3619,-39.15625,-49.34375
9.36195,-39.65625,-49.28125
9.362,-39.625,-49.34375
9.36205,-39.5625,-49.625
9.3621,-39.5625,-49.5625
9.36215,-39.96875,-49.15625
9.3622,-39.9375,-49.4375
9.362250000000001,-39.78125,-49.53125
9.362300000000001,-39.5,-49.625
9.362350000000001,-39.625,-49.375
9.362400000000001,-39.875,-49.34375
9.36245,-40.0625,-49.4375
9.3625,-39.875,-49.59375
9.36255,-40.0,-49.5625
9.3626,-40.34375,-49.4375
9.36265,-40.25,-49.34375
9.3627,-39.9375,-49.40625
9.36275,-39.75,-49.84375
9.3628,-40.1875,-49.5
9.36285,-40.25,-49.375
9.3629,-40.28125,-49.4375
9.36295,-40.21875,-49.65625
9.363000000000001,-40.4375,-49.65625
9.363050000000001,-40.4375,-49.5625
9.363100000000001,-40.125,-49.40625
9.363150000000001,-39.9375,-49.53125
9.3632,-40.21875,-49.9375
9.36325,-40.5,-49.65625
9.3633,-40.5,-49.40625
9.36335,-40.15625,-49.625
9.3634,-40.34375,-49.71875
9.36345,-40.5625,-49.9375
9.3635,-40.40625,-49.6875
9.36355,-40.03125,-49.40625
9.3636,-40.25,-49.59375
9.36365,-40.84375,-50.09375
9.3637,-40.75,-49.90625
9.36375,-40.40625,-49.5625
9.363800000000001,-40.34375,-49.71875
9.363850000000001,-40.59375,-49.78125
9.363900000000001,-40.625,-49.90625
9.36395,-40.5625,-49.46875
9.364,-40.25,-49.46875
9.36405,-40.84375,-49.84375
9.3641,-41.0,-49.8125
9.36415,-40.71875,-49.875
9.3642,-40.28125,-49.5625
9.36425,-40.59375,-49.5
9.3643,-40.90625,-49.75
9.36435,-40.71875,-50.0
9.3644,-40.5,-49.78125
9.36445,-40.84375,-49.46875
9.3645,-41.21875,-49.59375
9.364550000000001,-40.875,-49.84375
9.364600000000001,-40.65625,-49.90625
9.364650000000001,-40.65625,-49.53125
9.364700000000001,-40.90625,-49.34375
9.36475,-40.78125,-49.75
9.3648,-40.90625,-49.90625
9.36485,-40.8125,-49.5625
9.3649,-41.15625,-49.625
9.36495,-41.1875,-49.59375
9.365,-40.96875,-49.8125
9.36505,-40.625,-49.875
9.3651,-40.8125,-49.59375
9.36515,-41.0625,-49.40625
9.3652,-41.0625,-49.5625
9.36525,-40.96875,-49.875
9.365300000000001,-41.125,-49.8125
9.365350000000001,-41.15625,-49.46875
9.365400000000001,-41.125,-49.5
9.365450000000001,-40.90625,-49.90625
9.3655,-40.8125,-49.96875
9.36555,-41.25,-49.53125
9.3656,-41.40625,-49.5
9.36565,-41.125,-49.65625
9.3657,-40.9375,-49.90625
9.36575,-41.25,-49.9375
9.3658,-41.3125,-49.40625
9.36585,-41.0,-49.40625
9.3659,-40.78125,-49.65625
9.36595,-41.375,-50.0
9.366,-41.78125,-49.8125
9.366050000000001,-41.53125,-49.40625
9.366100000000001,-41.125,-49.40625
9.366150000000001,-41.53125,-49.96875
9.366200000000001,-41.46875,-49.96875
9.36625,-41.15625,-49.625
9.3663,-40.90625,-49.375
9.36635,-41.4375,-49.71875
9.3664,-41.625,-49.875
9.36645,-41.53125,-49.6875
9.3665,-41.09375,-49.5
9.36655,-41.09375,-49.625
9.3666,-41.53125,-49.75
9.36665,-41.5,-49.9375
9.3667,-41.34375,-49.59375
9.36675,-41.3125,-49.375
9.3668,-41.78125,-49.78125
9.366850000000001,-41.90625,-49.9375
9.366900000000001,-41.53125,-50.0
9.366950000000001,-41.15625,-49.40625
9.367,-41.53125,-49.46875
9.36705,-41.625,-49.78125
9.3671,-41.53125,-50.15625
9.36715,-41.4375,-49.8125
9.3672,-41.71875,-49.46875
9.36725,-41.8125,-49.59375
9.3673,-41.625,-50.0
9.36735,-41.53125,-49.8125
9.3674,-41.4375,-49.75
9.36745,-41.65625,-49.5625
9.3675,-41.84375,-49.8125
9.36755,-41.78125,-50.09375
9.367600000000001,-41.59375,-49.84375
9.367650000000001,-41.90625,-49.46875
9.367700000000001,-41.90625,-49.5
9.367750000000001,-41.65625,-49.84375
9.3678,-41.34375,-50.125
9.36785,-41.78125,-49.71875
9.3679,-42.0,-49.53125
9.36795,-41.84375,-49.8125
9.368,-41.6875,-50.0625
9.36805,-41.84375,-49.875
9.3681,-41.90625,-49.6875
9.36815,-41.875,-49.71875
9.3682,-41.5625,-50.0
9.36825,-41.6875,-50.0625
9.3683,-42.09375,-49.84375
9.368350000000001,-42.1875,-49.71875
9.368400000000001,-41.96875,-49.71875
9.368450000000001,-41.75,-49.96875
9.368500000000001,-42.0,-49.90625
9.36855,-42.0625,-49.75
9.3686,-41.78125,-49.625
9.36865,-41.5625,-49.9375
9.3687,-42.25,-50.3125
9.36875,-42.34375,-49.84375
9.3688,-42.0,-49.6875
9.36885,-41.75,-49.8125
9.3689,-42.125,-50.0
9.36895,-42.25,-49.96875
9.369,-42.0,-49.9375
9.36905,-41.84375,-49.8125
9.369100000000001,-42.25,-49.90625
9.369150000000001,-42.53125,-50.0625
9.369200000000001,-42.34375,-49.96875
9.369250000000001,-42.125,-49.6875
9.3693,-41.96875,-49.71875
9.36935,-42.40625,-49.9375
9.3694,-42.15625,-50.09375
9.36945,-42.09375,-49.875
9.3695,-42.0,-49.78125
9.36955,-42.5,-49.9375
9.3696,-42.34375,-50.25
9.36965,-42.15625,-49.96875
9.3697,-42.0,-49.875
9.36975,-42.25,-49.78125
9.3698,-42.15625,-50.15625
9.36985,-42.4375,-50.09375
9.369900000000001,-42.21875,-49.90625
9.369950000000001,-42.4375,-49.78125
9.370000000000001,-42.59375,-49.9375
9.37005,-42.40625,-50.0
9.3701,-42.15625,-49.9375
9.37015,-42.0,-49.84375
9.3702,-42.375,-49.78125
9.37025,-42.53125,-50.125
9.3703,-42.25,-50.09375
9.37035,-42.25,-49.9375
9.3704,-42.625,-49.71875
9.37045,-42.5,-49.9375
9.3705,-42.28125,-50.09375
9.37055,-42.0625,-50.125
9.3706,-42.46875,-49.90625
9.370650000000001,-42.75,-49.8125
9.370700000000001,-42.65625,-49.9375
9.370750000000001,-42.375,-50.125
9.370800000000001,-42.46875,-50.09375
9.37085,-42.59375,-49.78125
9.3709,-42.40625,-50.0
9.37095,-42.0625,-50.1875
9.371,-42.53125,-50.0625
9.37105,-43.0,-49.96875
9.3711,-42.96875,-49.75
9.37115,-42.46875,-49.90625
9.3712,-42.5,-50.1875
9.37125,-42.84375,-50.03125
9.3713,-42.5,-49.875
9.37135,-42.40625,-49.8125
9.371400000000001,-42.5,-50.03125
9.371450000000001,-42.9375,-50.15625
9.371500000000001,-43.0,-49.9375
9.371550000000001,-42.78125,-49.71875
9.3716,-42.375,-49.9375
9.37165,-42.6875,-50.125
9.3717,-42.71875,-50.0
9.37175,-42.78125,-50.09375
9.3718,-42.4375,-50.0625
9.37185,-42.96875,-49.96875
9.3719,-43.03125,-50.0625
9.37195,-42.8125,-50.09375
9.372,-42.4375,-49.875
9.37205,-42.65625,-49.9375
9.3721,-42.875,-50.0625
9.372150000000001,-42.90625,-50.125
9.372200000000001,-42.84375,-49.90625
9.372250000000001,-42.90625,-50.09375
9.372300000000001,-43.125,-50.0625
9.37235,-43.1875,-50.0625
9.3724,-42.84375,-50.03125
9.37245,-42.59375,-50.03125
9.3725,-42.875,-50.0625
9.37255,-43.0625,-50.0625
9.3726,-43.1875,-50.25
9.37265,-42.84375,-50.3125
9.3727,-43.0625,-50.375
9.37275,-43.09375,-50.09375
9.3728,-42.90625,-50.125
9.37285,-42.53125,-50.21875
9.3729,-42.9375,-50.34375
9.372950000000001,-43.4375,-50.34375
9.373000000000001,-43.21875,-50.125
9.373050000000001,-42.9375,-50.28125
9.3731,-42.96875,-49.9375
9.37315,-43.09375,-50.28125
9.3732,-43.125,-50.15625
9.37325,-42.90625,-50.3125
9.3733,-42.84375,-50.125
9.37335,-43.21875,-50.25
9.3734,-43.53125,-50.34375
9.37345,-43.25,-50.125
9.3735,-42.90625,-50.25
9.37355,-43.1875,-50.3125
9.3736,-43.375,-50.15625
9.37365,-43.0625,-50.21875
9.373700000000001,-42.78125,-50.46875
9.373750000000001,-43.4375,-50.25
9.373800000000001,-43.8125,-50.1875
9.373850000000001,-43.34375,-50.21875
9.3739,-42.96875,-50.28125
9.37395,-43.21875,-50.46875
9.374,-43.375,-50.0625
9.37405,-43.21875,-50.25
9.3741,-43.09375,-50.125
9.37415,-43.3125,-50.25
9.3742,-43.59375,-50.34375
9.37425,-43.4375,-50.15625
9.3743,-43.21875,-50.09375
9.37435,-42.96875,-50.3125
9.3744,-43.3125,-50.40625
9.374450000000001,-43.3125,-50.1875
9.374500000000001,-43.25,-50.25
9.374550000000001,-43.25,-50.15625
9.374600000000001,-43.6875,-50.34375
9.37465,-43.6875,-50.4375
9.3747,-43.46875,-49.9375
9.37475,-43.15625,-50.40625
9.3748,-43.34375,-50.4375
9.37485,-43.5,-50.5
9.3749,-43.5625,-50.1875
9.37495,-43.71875,-50.28125
9.375,-43.65625,-50.375
9.37505,-43.875,-50.34375
9.3751,-43.75,-50.5
9.37515,-43.5625,-50.28125
9.375200000000001,-43.40625,-50.0625
9.375250000000001,-43.78125,-50.34375
9.375300000000001,-44.125,-50.40625
9.375350000000001,-43.90625,-50.40625
9.3754,-43.625,-50.21875
9.37545,-44.09375,-50.25
9.3755,-44.1875,-50.40625
9.37555,-43.96875,-50.375
9.3756,-43.65625,-50.1875
9.37565,-44.0625,-50.15625
9.3757,-44.5,-50.1875
9.37575,-44.40625,-50.375
9.3758,-44.15625,-50.46875
9.37585,-44.25,-50.21875
9.3759,-44.5,-50.25
9.37595,-44.4375,-50.125
9.376000000000001,-44.25,-50.53125
9.376050000000001,-44.34375,-50.53125
9.376100000000001,-44.90625,-50.375
9.37615,-45.09375,-50.28125
9.3762,-44.90625,-50.40625
9.37625,-44.625,-50.65625
9.3763,-44.9375,-50.4375
9.37635,-44.9375,-50.15625
9.3764,-44.84375,-50.4375
9.37645,-44.78125,-50.625
9.3765,-45.5,-50.34375
9.37655,-45.625,-50.3125
9.3766,-45.34375,-50.375
9.37665,-44.96875,-50.34375
9.3767,-45.125,-50.46875
9.376750000000001,-45.59375,-50.3125
9.376800000000001,-45.375,-50.34375
9.376850000000001,-45.375,-50.34375
9.376900000000001,-45.5625,-50.65625
9.37695,-45.9375,-50.5
9.377,-45.8125,-50.40625
9.37705,-45.4375,-50.375
9.3771,-45.4375,-50.40625
9.37715,-45.8125,-50.875
9.3772,-45.875,-50.25
9.37725,-45.90625,-50.4375
9.3773,-45.71875,-50.3125
9.37735,-46.0625,-50.5625
9.3774,-46.0625,-50.59375
9.37745,-45.90625,-50.5
9.377500000000001,-45.625,-50.65625
9.377550000000001,-45.96875,-50.46875
9.377600000000001,-46.125,-50.65625
9.377650000000001,-46.375,-50.46875
9.3777,-46.15625,-50.46875
9.37775,-46.09375,-50.28125
9.3778,-46.25,-50.6875
9.37785,-46.34375,-50.8125
9.3779,-45.9375,-50.5
9.37795,-45.90625,-50.5
9.378,-46.5625,-50.5
9.37805,-46.5625,-50.8125
9.3781,-46.28125,-50.5
9.37815,-46.125,-50.5625
9.3782,-46.4375,-50.6875
9.378250000000001,-46.46875,-50.59375
9.378300000000001,-46.21875,-50.78125
9.378350000000001,-45.96875,-50.65625
9.378400000000001,-46.65625,-50.5
9.37845,-46.84375,-50.71875
9.3785,-46.6875,-50.9375
9.37855,-46.25,-50.78125
9.3786,-46.53125,-50.53125
9.37865,-46.78125,-50.5
9.3787,-46.59375,-50.78125
9.37875,-46.375,-50.78125
9.3788,-46.75,-50.75
9.37885,-47.15625,-50.59375
9.3789,-46.9375,-50.625
9.37895,-46.5,-50.90625
9.379000000000001,-46.46875,-50.84375
9.379050000000001,-46.75,-50.6875
9.379100000000001,-46.59375,-50.65625
9.379150000000001,-46.625,-50.75
9.3792,-46.65625,-50.875
9.37925,-47.0625,-50.65625
9.3793,-47.0,-50.71875
9.37935,-46.90625,-50.59375
9.3794,-46.46875,-50.75
9.37945,-46.65625,-51.0
9.3795,-46.84375,-50.71875
9.37955,-47.03125,-50.625
9.3796,-46.78125,-50.84375
9.37965,-46.90625,-51.0
9.3797,-47.28125,-50.78125
9.37975,-47.0625,-50.59375
9.379800000000001,-46.6875,-50.84375
9.379850000000001,-46.8125,-50.78125
9.379900000000001,-47.0625,-50.78125
9.379950000000001,-47.1875,-50.78125
9.38,-47.15625,-50.6875
9.38005,-47.0625,-50.75
9.3801,-47.28125,-50.875
9.38015,-47.375,-50.90625
9.3802,-47.125,-50.75
9.38025,-46.875,-50.625
9.3803,-47.1875,-50.90625
9.38035,-47.625,-51.09375
9.3804,-47.59375,-50.875
9.38045,-47.0625,-50.59375
9.3805,-47.34375,-50.8125
9.380550000000001,-47.40625,-51.0625
9.380600000000001,-47.21875,-50.9375
9.380650000000001,-46.96875,-50.6875
9.380700000000001,-47.34375,-50.8125
9.38075,-47.6875,-50.78125
9.3808,-47.6875,-51.09375
9.38085,-47.375,-51.03125
9.3809,-47.34375,-50.84375
9.38095,-47.4375,-50.71875
9.381,-47.5625,-51.21875
9.38105,-47.40625,-51.09375
9.3811,-47.21875,-51.03125
9.38115,-47.90625,-50.65625
9.3812,-47.90625,-51.0
9.38125,-47.625,-51.1875
9.381300000000001,-47.34375,-51.03125
9.381350000000001,-47.59375,-50.625
9.381400000000001,-47.90625,-50.8125
9.381450000000001,-47.65625,-51.1875
9.3815,-47.53125,-51.03125
9.38155,-47.96875,-50.9375
9.3816,-48.15625,-50.5625
9.38165,-47.9375,-50.90625
9.3817,-47.625,-51.09375
9.38175,-47.71875,-51.03125
9.3818,-47.875,-50.75
9.38185,-47.90625,-50.75
9.3819,-47.75,-50.875
9.38195,-47.625,-51.21875
9.382,-48.09375,-51.03125
9.382050000000001,-48.15625,-50.75
9.382100000000001,-47.90625,-50.90625
9.382150000000001,-47.71875,-51.15625
9.382200000000001,-47.9375,-51.03125
9.38225,-48.15625,-50.96875
9.3823,-48.0625,-50.84375
9.38235,-47.90625,-50.96875
9.3824,-48.1875,-51.09375
9.38245,-48.21875,-51.03125
9.3825,-48.09375,-50.875
9.38255,-47.90625,-50.78125
9.3826,-47.90625,-51.0625
9.38265,-48.1875,-51.34375
9.3827,-48.5,-50.9375
9.38275,-48.28125,-50.84375
9.3828,-48.03125,-50.96875
9.382850000000001,-48.34375,-51.40625
9.382900000000001,-48.40625,-51.125
9.382950000000001,-48.09375,-50.71875
9.383000000000001,-47.78125,-51.03125
9.38305,-48.4375,-51.1875
9.3831,-48.71875,-51.1875
9.38315,-48.4375,-50.875
9.3832,-48.09375,-50.75
9.38325,-48.375,-50.875
9.3833,-48.5,-51.03125
9.38335,-48.21875,-51.09375
9.3834,-48.09375,-50.78125
9.38345,-48.625,-50.9375
9.3835,-48.6875,-50.90625
9.38355,-48.5,-51.15625
9.383600000000001,-48.25,-50.96875
9.383650000000001,-48.125,-50.78125
9.383700000000001,-48.59375,-50.8125
9.383750000000001,-48.4375,-51.25
9.3838,-48.0625,-51.0625
9.38385,-48.15625,-50.875
9.3839,-48.78125,-50.875
9.38395,-48.65625,-51.09375
9.384,-48.25,-51.21875
9.38405,-48.125,-51.0
9.3841,-48.59375,-50.84375
9.38415,-48.5,-50.90625
9.3842,-48.46875,-51.09375
9.38425,-48.53125,-51.21875
9.3843,-48.78125,-51.0
9.384350000000001,-48.90625,-50.71875
9.384400000000001,-48.53125,-50.90625
9.384450000000001,-48.40625,-51.3125
9.384500000000001,-48.375,-51.03125
9.38455,-48.71875,-50.78125
9.3846,-48.875,-50.96875
9.38465,-48.71875,-51.125
9.3847,-48.59375,-51.21875
9.38475,-48.875,-50.84375
9.3848,-48.75,-50.90625
9.38485,-48.46875,-51.0625
9.3849,-48.25,-51.09375
9.38495,-48.65625,-51.125
9.385,-48.9375,-50.84375
9.38505,-48.78125,-50.84375
9.385100000000001,-48.59375,-51.09375
9.385150000000001,-48.75,-51.3125
9.385200000000001,-48.84375,-51.09375
9.385250000000001,-48.6875,-50.84375
9.3853,-48.40625,-50.84375
9.38535,-48.625,-51.3125
9.3854,-49.09375,-51.21875
9.38545,-49.03125,-50.8125
9.3855,-48.625,-50.78125
9.38555,-48.59375,-51.21875
9.3856,-49.0,-51.4375
9.38565,-48.875,-51.0
9.3857,-48.40625,-50.875
9.38575,-48.53125,-50.90625
9.3858,-49.21875,-51.28125
9.38585,-49.15625,-51.40625
9.385900000000001,-48.96875,-51.09375
9.385950000000001,-48.625,-50.71875
9.386000000000001,-48.84375,-51.0625
9.386050000000001,-49.0,-51.34375
9.3861,-48.84375,-51.40625
9.38615,-48.625,-50.9375
9.3862,-49.09375,-51.0
9.38625,-49.40625,-51.21875
9.3863,-49.125,-51.40625
9.38635,-48.625,-50.96875
9.3864,-48.78125,-50.8125
9.38645,-49.09375,-51.09375
9.3865,-48.78125,-51.40625
9.38655,-48.78125,-51.3125
9.3866,-48.96875,-51.09375
9.386650000000001,-49.25,-50.6875
9.386700000000001,-49.125,-51.1875
9.386750000000001,-48.90625,-51.3125
9.386800000000001,-48.71875,-51.28125
9.38685,-48.9375,-50.875
9.3869,-48.96875,-51.0625
9.38695,-49.09375,-51.25
9.387,-49.0,-51.375
9.38705,-49.28125,-50.84375
9.3871,-49.375,-50.875
9.38715,-49.0625,-51.28125
9.3872,-48.71875,-51.3125
9.38725,-48.9375,-51.21875
9.3873,-49.15625,-50.90625
9.38735,-49.3125,-51.15625
9.387400000000001,-49.1875,-51.21875
9.387450000000001,-49.21875,-51.34375
9.387500000000001,-49.375,-51.125
9.387550000000001,-49.28125,-50.84375
9.3876,-49.0,-51.09375
9.38765,-48.875,-51.40625
9.3877,-49.40625,-51.34375
9.38775,-49.71875,-51.03125
9.3878,-49.46875,-50.75
9.38785,-49.0625,-51.28125
9.3879,-49.1875,-51.28125
9.38795,-49.4375,-51.0
9.388,-49.125,-50.84375
9.38805,-48.75,-50.90625
9.3881,-49.28125,-51.34375
9.388150000000001,-49.78125,-51.25
9.388200000000001,-49.46875,-51.03125
9.388250000000001,-49.125,-50.9375
9.388300000000001,-49.21875,-51.03125
9.38835,-49.5625,-51.28125
9.3884,-49.21875,-51.21875
9.38845,-49.0,-50.84375
9.3885,-49.25,-50.78125
9.38855,-49.5,-51.28125
9.3886,-49.53125,-51.25
9.38865,-49.25,-51.0
9.3887,-48.9375,-50.84375
9.38875,-49.375,-51.0625
9.3888,-49.375,-51.46875
9.38885,-49.21875,-50.96875
9.3889,-49.21875,-50.90625
9.388950000000001,-49.6875,-50.96875
9.389000000000001,-49.8125,-51.15625
9.389050000000001,-49.53125,-51.125
9.389100000000001,-49.15625,-51.09375
9.38915,-49.40625,-50.78125
9.3892,-49.5,-51.03125
9.38925,-49.5,-51.1875
9.3893,-49.375,-51.125
9.38935,-49.59375,-50.6875
9.3894,-49.6875,-50.71875
9.38945,-49.53125,-50.84375
9.3895,-49.1875,-51.125
9.38955,-49.03125,-50.84375
9.3896,-49.34375,-50.78125
9.38965,-49.5625,-51.03125
9.389700000000001,-49.46875,-51.0
9.389750000000001,-49.3125,-50.9375
9.389800000000001,-49.53125,-50.84375
9.389850000000001,-49.5625,-50.75
9.3899,-49.28125,-50.8125
9.38995,-49.03125,-50.96875
9.39,-49.375,-50.90625
9.39005,-49.65625,-50.71875
9.3901,-49.5625,-50.8125
9.39015,-49.25,-51.03125
9.3902,-49.40625,-51.03125
9.39025,-49.5,-50.65625
9.3903,-49.46875,-50.53125
9.39035,-49.21875,-50.9375
9.3904,-49.09375,-51.125
9.390450000000001,-49.75,-50.78125
9.390500000000001,-49.875,-50.71875
9.390550000000001,-49.59375,-50.71875
9.390600000000001,-49.28125,-50.96875
9.39065,-49.5625,-50.96875
9.3907,-49.6875,-50.65625
9.39075,-49.3125,-50.65625
9.3908,-49.1875,-50.65625
9.39085,-49.875,-50.875
9.3909,-49.9375,-50.625
9.39095,-49.71875,-50.375
9.391,-49.375,-50.375
9.39105,-49.65625,-50.65625
9.3911,-49.875,-50.71875
9.39115,-49.65625,-50.59375
9.391200000000001,-49.625,-50.28125
9.391250000000001,-49.65625,-50.5
9.391300000000001,-50.15625,-50.78125
9.391350000000001,-49.90625,-50.5
9.3914,-49.53125,-50.375
9.39145,-49.46875,-50.375
9.3915,-49.84375,-50.5625
9.39155,-49.78125,-50.59375
9.3916,-49.5625,-50.5625
9.39165,-49.625,-50.1875
9.3917,-50.125,-50.40625
9.39175,-49.90625,-50.4375
9.3918,-49.78125,-50.40625
9.39185,-49.53125,-50.3125
9.3919,-49.65625,-50.5625
9.39195,-49.8125,-50.3125
9.392000000000001,-50.0,-50.5
9.392050000000001,-49.90625,-50.5
9.392100000000001,-49.9375,-50.46875
9.39215,-50.09375,-50.53125
9.3922,-49.9375,-50.53125
9.39225,-49.71875,-50.40625
9.3923,-49.5,-50.4375
9.39235,-49.9375,-50.40625
9.3924,-50.0625,-50.40625
9.39245,-49.84375,-50.5
9.3925,-49.8125,-50.625
9.39255,-50.09375,-50.5625
9.3926,-50.125,-50.5
9.39265,-49.6875,-50.4375
9.3927,-49.40625,-50.34375
9.392750000000001,-49.84375,-50.4375
9.392800000000001,-50.34375,-50.34375
9.392850000000001,-50.125,-50.65625
9.392900000000001,-49.71875,-50.15625
9.39295,-49.90625,-50.25
9.393,-50.09375,-50.3125
9.39305,-49.90625,-50.28125
9.3931,-49.4375,-50.125
9.39315,-49.9375,-50.3125
9.3932,-50.25,-50.0625
9.39325,-50.375,-50.15625
9.3933,-49.9375,-50.15625
9.39335,-49.8125,-50.1875
9.3934,-50.09375,-50.21875
9.39345,-49.96875,-50.03125
9.393500000000001,-49.65625,-49.875
9.393550000000001,-49.8125,-50.03125
9.393600000000001,-50.0625,-50.125
9.393650000000001,-50.21875,-50.0
9.3937,-49.96875,-49.8125
9.39375,-49.71875,-50.03125
9.3938,-49.875,-50.125
9.39385,-49.9375,-50.1875
9.3939,-49.9375,-49.90625
9.39395,-49.875,-49.90625
9.394,-49.9375,-49.96875
9.39405,-50.34375,-50.1875
9.3941,-50.1875,-50.09375
9.39415,-49.84375,-50.0
9.3942,-49.84375,-49.90625
9.394250000000001,-50.09375,-49.875
9.394300000000001,-50.0,-50.0
9.394350000000001,-50.03125,-49.90625
9.394400000000001,-49.9375,-49.8125
9.39445,-50.28125,-50.0
9.3945,-50.3125,-50.125
9.39455,-50.0,-49.96875
9.3946,-49.71875,-49.8125
9.39465,-50.0,-49.9375
9.3947,-50.4375,-49.9375
9.39475,-50.34375,-49.90625
9.3948,-49.84375,-49.9375
9.39485,-50.0625,-49.84375
9.3949,-50.21875,-49.9375
9.39495,-50.0,-49.9375
9.395,-49.65625,-49.90625
9.395050000000001,-49.90625,-49.84375
9.395100000000001,-50.3125,-49.8125
9.395150000000001,-50.25,-49.59375
9.3952,-50.25,-50.0
9.39525,-49.96875,-49.90625
9.3953,-50.21875,-49.65625
9.39535,-50.1875,-49.78125
9.3954,-50.0,-49.96875
9.39545,-49.84375,-49.84375
9.3955,-50.375,-49.84375
9.39555,-50.53125,-49.75
9.3956,-50.40625,-49.90625
9.39565,-49.875,-49.96875
9.3957,-50.1875,-49.8125
9.39575,-50.40625,-49.75
9.395800000000001,-50.0625,-49.625
9.395850000000001,-49.875,-49.71875
9.395900000000001,-50.21875,-49.96875
9.395950000000001,-50.65625,-49.65625
9.396,-50.34375,-49.59375
9.39605,-50.0625,-49.65625
9.3961,-50.03125,-49.90625
9.39615,-50.4375,-49.71875
9.3962,-50.125,-49.65625
9.39625,-50.03125,-49.71875
9.3963,-50.1875,-49.75
9.39635,-50.6875,-49.8125
9.3964,-50.625,-49.65625
9.39645,-50.34375,-49.625
9.3965,-50.09375,-49.625
9.396550000000001,-50.40625,-49.6875
9.396600000000001,-50.5,-49.78125
9.396650000000001,-50.46875,-49.5625
9.396700000000001,-50.34375,-49.5625
9.39675,-50.5625,-49.65625
9.3968,-50.6875,-49.8125
9.39685,-50.46875,-49.78125
9.3969,-50.3125,-49.5625
9.39695,-50.3125,-49.53125
9.397,-50.5,-49.8125
9.39705,-50.59375,-49.84375
9.3971,-50.5,-49.46875
9.39715,-50.40625,-49.46875
9.3972,-50.5625,-49.6875
9.39725,-50.53125,-49.625
9.397300000000001,-50.34375,-49.5625
9.397350000000001,-49.96875,-49.5625
9.397400000000001,-50.34375,-49.5625
9.397450000000001,-50.75,-49.5
9.3975,-50.46875,-49.71875
9.39755,-50.0625,-49.46875
9.3976,-50.21875,-49.59375
9.39765,-50.5,-49.4375
9.3977,-50.21875,-49.625
9.39775,-50.0625,-49.5625
9.3978,-50.25,-49.5625
9.39785,-50.75,-49.46875
9.3979,-50.53125,-49.59375
9.39795,-50.40625,-49.65625
9.398,-50.1875,-49.375
9.39805,-50.40625,-49.46875
9.398100000000001,-50.25,-49.65625
9.398150000000001,-50.09375,-49.65625
9.398200000000001,-50.03125,-49.65625
9.39825,-50.625,-49.59375
9.3983,-50.46875,-49.5625
9.39835,-50.15625,-49.5
9.3984,-49.90625,-49.875
9.39845,-50.21875,-49.65625
9.3985,-50.40625,-49.5
9.39855,-49.96875,-49.5625
9.3986,-50.0,-49.84375
9.39865,-50.28125,-49.84375
9.3987,-50.46875,-49.625
9.39875,-50.21875,-49.4375
9.3988,-49.96875,-49.78125
9.398850000000001,-50.09375,-49.78125
9.398900000000001,-50.21875,-49.625
9.398950000000001,-50.125,-49.5625
9.399000000000001,-50.09375,-49.71875
9.39905,-50.125,-49.875
9.3991,-50.5625,-49.75
9.39915,-50.3125,-49.75
9.3992,-49.8125,-49.65625
9.39925,-49.8125,-49.8125
9.3993,-50.15625,-49.9375
9.39935,-50.28125,-49.8125
9.3994,-50.1875,-49.6875
9.39945,-50.125,-49.375
9.3995,-50.5625,-49.78125
9.39955,-50.375,-50.0
9.399600000000001,-50.15625,-49.875
9.399650000000001,-49.875,-49.65625
9.399700000000001,-49.96875,-49.625
9.399750000000001,-50.34375,-49.84375
9.3998,-50.4375,-49.875
9.39985,-50.125,-49.625
9.3999,-50.09375,-49.75
9.39995,-50.34375,-49.90625
